{"id":"04a88c8b-623e-4f91-969e-8e3a3a6c0d5d","fov":75,"aspect":1.7661375661375662,"near":0.1,"far":1000,"bounding_box":{"max":{"x":8.908947169780731,"y":-33.037245159881664,"z":7.74986674036319},"min":{"x":-8.908947169780731,"y":-49.8,"z":-7.74986674036319}},"photos":[{"position":[103,6.306931015608869e-15,6.306931015608869e-15],"rotation":[-6.162975822039155e-33,1.5707963267948966,0,"XYZ"],"image":"5e0c4974-90ca-4db4-820f-a2f40d54749b.jpg"},{"position":[0,68.9999999999655,0.0000689999999999885],"rotation":[-1.5707953267948966,0,0,"XYZ"],"image":"736d37f6-259a-4580-9fff-bdecc19d5603.jpg"},{"position":[0,6.245698675651501e-15,102],"rotation":[-6.123233995736766e-17,0,0,"XYZ"],"image":"d7def0d7-4dfc-4047-bb08-2d3b234be143.jpg"}]}