{"id":"065338d6-2dff-4d41-940b-64c9e9ae4fa6","fov":75,"aspect":1.7661375661375662,"near":0.1,"far":1000,"bounding_box":{"max":{"x":22.740663605820828,"y":-29.923080240536663,"z":22.780582910691294},"min":{"x":-22.740663605820828,"y":-49.8,"z":-22.780582910691294}},"photos":[{"position":[110,6.735557395310443e-15,6.735557395310443e-15],"rotation":[-6.162975822039155e-33,1.5707963267948966,0,"XYZ"],"image":"1700cfc1-e2db-460a-8e0a-bf32968f3bbf.jpg"},{"position":[0,68.9999999999655,0.0000689999999999885],"rotation":[-1.5707953267948966,0,0,"XYZ"],"image":"d9c02f6c-6507-4ca0-97e3-8032a155b208.jpg"},{"position":[0,6.245698675651501e-15,102],"rotation":[-6.123233995736766e-17,0,0,"XYZ"],"image":"58d7f723-028e-4a0e-9332-9566ccf01f7e.jpg"}]}