{"id":"06b7dbf2-28b3-49b2-a274-06ffae319ba6","fov":75,"aspect":1.7661375661375662,"near":0.1,"far":1000,"bounding_box":{"max":{"x":11.70127203513022,"y":-16.66283410485603,"z":19.635680713452075},"min":{"x":-11.70127203513022,"y":-49.8,"z":-19.635680713452075}},"photos":[{"position":[108,6.6130927153957075e-15,6.6130927153957075e-15],"rotation":[-6.162975822039155e-33,1.5707963267948966,0,"XYZ"],"image":"d8008681-2913-4124-8fc5-bc42d99a0cb1.jpg"},{"position":[0,58.9999999999705,0.000058999999999990165],"rotation":[-1.5707953267948966,0,0,"XYZ"],"image":"c8519aa7-d0d7-4f2f-89bd-560a9a674a9a.jpg"},{"position":[0,6.79678973526781e-15,111],"rotation":[-6.123233995736766e-17,0,0,"XYZ"],"image":"cc5dfa77-4a35-4bca-87dd-18ac146adf07.jpg"}]}