{"id":"07041b60-deb3-4a04-b440-3a4e9a92d8c1","fov":75,"aspect":1.7661375661375662,"near":0.1,"far":1000,"bounding_box":{"max":{"x":23.35786521434784,"y":-20.13955236484405,"z":13.993944598360924},"min":{"x":-23.35786521434784,"y":-49.79999999999999,"z":-13.993944598360924}},"photos":[{"position":[101,6.184466335694134e-15,6.184466335694134e-15],"rotation":[-6.162975822039155e-33,1.5707963267948966,0,"XYZ"],"image":"d5aa8729-b271-40e2-aac4-5aabd04e5b1f.jpg"},{"position":[0,58.9999999999705,0.000058999999999990165],"rotation":[-1.5707953267948966,0,0,"XYZ"],"image":"aede6d9e-3325-4310-b410-97c1659a3373.jpg"},{"position":[0,7.102951435054649e-15,116],"rotation":[-6.123233995736766e-17,0,0,"XYZ"],"image":"42ab3a5a-498b-4075-8eb9-3befaf1e58b8.jpg"}]}