{"id":"0884afeb-041a-41e6-8bd4-5ce2f446757a","fov":75,"aspect":1.7661375661375662,"near":0.1,"far":1000,"bounding_box":{"max":{"x":40,"y":-21.800000476837152,"z":10.000000000000002},"min":{"x":-40,"y":-49.8,"z":-10.000000000000004}},"photos":[{"position":[108,6.6130927153957075e-15,6.6130927153957075e-15],"rotation":[-6.162975822039155e-33,1.5707963267948966,0,"XYZ"],"image":"be38ca58-9b14-4314-9ba3-034e3d86f0cd.jpg"},{"position":[0,74.9999999999625,0.0000749999999999875],"rotation":[-1.5707953267948969,0,0,"XYZ"],"image":"ea27005a-502b-4ba1-bd1f-bd842d510d78.jpg"},{"position":[0,6.306931015608869e-15,103],"rotation":[-6.123233995736765e-17,0,0,"XYZ"],"image":"0c40ebf0-98bb-4ab8-a993-92e52ce5dd65.jpg"}]}