{"id":"0adf6734-7549-4dc8-a20b-16eaa9b8c8dd","fov":75,"aspect":1.7661375661375662,"near":0.1,"far":1000,"bounding_box":{"max":{"x":12.318000197410583,"y":-15.912002944573757,"z":10.825999975204468},"min":{"x":-12.318000197410583,"y":-49.8,"z":-10.825999975204468}},"photos":[{"position":[107,6.55186037543834e-15,6.55186037543834e-15],"rotation":[-6.162975822039155e-33,1.5707963267948966,0,"XYZ"],"image":"c4f97269-87ee-43cd-8bf9-d1729a8ce51c.jpg"},{"position":[0,68.9999999999655,0.0000689999999999885],"rotation":[-1.5707953267948966,0,0,"XYZ"],"image":"d62a11fb-1038-4a2d-b85b-85dd9f8f22ac.jpg"},{"position":[0,7.34788079488412e-15,120],"rotation":[-6.123233995736766e-17,0,0,"XYZ"],"image":"53f87cb2-ed9d-4dd7-a832-b140b93791f0.jpg"}]}