{"id":"0ae74b29-9a42-4357-84cb-28b42a41019f","fov":75,"aspect":1.7661375661375662,"near":0.1,"far":1000,"bounding_box":{"max":{"x":18.496040288447425,"y":24.14682578383048,"z":10.446439811233455},"min":{"x":-18.496040288447425,"y":-49.8,"z":-10.446439811233448}},"photos":[{"position":[113,6.919254415182545e-15,6.919254415182545e-15],"rotation":[-6.162975822039155e-33,1.5707963267948966,0,"XYZ"],"image":"2e84b2c9-f97b-4aea-ab0b-469fea235510.jpg"},{"position":[0,75.999999999962,0.00007599999999998733],"rotation":[-1.5707953267948966,0,0,"XYZ"],"image":"f2ee8a83-86cf-47c8-80ad-68e779f7e039.jpg"},{"position":[0,6.368163355566236e-15,104],"rotation":[-6.123233995736766e-17,0,0,"XYZ"],"image":"73e1a229-1a14-4100-a43f-feac3cdcb9cb.jpg"}]}