{"id":"0cdbca69-b5ee-4bcb-a6ff-12d87124669d","fov":75,"aspect":1.7661375661375662,"near":0.1,"far":1000,"bounding_box":{"max":{"x":8.024766540527352,"y":-22.216861635413455,"z":8.580642700195312},"min":{"x":-8.024766540527338,"y":-49.8,"z":-8.580642700195312}},"photos":[{"position":[114,6.980486755139913e-15,6.980486755139913e-15],"rotation":[-6.162975822039155e-33,1.5707963267948966,0,"XYZ"],"image":"3f2f6677-cc46-40f0-9c36-cb58bc1eb9e7.jpg"},{"position":[0,58.9999999999705,0.000058999999999990165],"rotation":[-1.5707953267948966,0,0,"XYZ"],"image":"5fc5e7b0-594d-4246-9a46-20e13cafeeb5.jpg"},{"position":[0,6.245698675651501e-15,102],"rotation":[-6.123233995736766e-17,0,0,"XYZ"],"image":"e1fa5875-164b-4ad6-9fe0-75d492de4152.jpg"}]}