{"id":"0d4fdc09-661f-41c5-911d-95dce3ee0b4e","fov":75,"aspect":1.7661375661375662,"near":0.1,"far":1000,"bounding_box":{"max":{"x":27.591988220214844,"y":-22.324266936796274,"z":35.262376699133966},"min":{"x":-27.591988220214844,"y":-49.8,"z":-35.262376699133966}},"photos":[{"position":[115,7.041719095097281e-15,7.041719095097281e-15],"rotation":[-6.162975822039155e-33,1.5707963267948966,0,"XYZ"],"image":"a022bbf9-0cdd-4816-badf-352bb4f38265.jpg"},{"position":[0,73.999999999963,0.00007399999999998766],"rotation":[-1.5707953267948966,0,0,"XYZ"],"image":"c2e46d23-8a3f-4360-88ad-c5965f1766f3.jpg"},{"position":[0,6.919254415182545e-15,113],"rotation":[-6.123233995736766e-17,0,0,"XYZ"],"image":"e7e3aca7-1450-4e5f-b49b-779db05b6151.jpg"}]}