{"id":"10188f2a-7031-4480-8f27-4a7e6983682f","fov":75,"aspect":1.7661375661375662,"near":0.1,"far":1000,"bounding_box":{"max":{"x":8.62858384847641,"y":-0.6980632689781459,"z":8.12242180109024},"min":{"x":-8.62858384847641,"y":-49.8,"z":-8.12242180109024}},"photos":[{"position":[114,6.980486755139913e-15,6.980486755139913e-15],"rotation":[-6.162975822039155e-33,1.5707963267948966,0,"XYZ"],"image":"b7c0a5c7-54d8-421c-b98f-bd072cd85d86.jpg"},{"position":[0,68.9999999999655,0.0000689999999999885],"rotation":[-1.5707953267948966,0,0,"XYZ"],"image":"14432171-15aa-41c2-b06c-67374ade533c.jpg"},{"position":[0,6.429395695523604e-15,105],"rotation":[-6.123233995736766e-17,0,0,"XYZ"],"image":"e95f12ee-0347-496c-968a-0f0c95b85a4a.jpg"}]}