{"id":"108b76fe-698d-4841-a86d-f108e4b31282","fov":75,"aspect":1.7661375661375662,"near":0.1,"far":1000,"bounding_box":{"max":{"x":31.20000123977661,"y":-11.059999246448267,"z":16.899999694898728},"min":{"x":-31.20000123977661,"y":-49.8,"z":-16.899999694898728}},"photos":[{"position":[102,6.245698675651501e-15,6.245698675651501e-15],"rotation":[-6.162975822039155e-33,1.5707963267948966,0,"XYZ"],"image":"7568c26d-d69e-40f4-b7c9-ef652b7bd57b.jpg"},{"position":[0,60.999999999969496,0.000060999999999989834],"rotation":[-1.5707953267948966,0,0,"XYZ"],"image":"3b75e94c-80e1-4c57-9b98-337bd7f3f032.jpg"},{"position":[0,7.286648454926752e-15,119],"rotation":[-6.123233995736766e-17,0,0,"XYZ"],"image":"0388fab5-589b-470f-9d0c-5f6b369bca1b.jpg"}]}