{"id":"10a4a32d-2788-4d4d-8dc9-52ba6eaecc8c","fov":75,"aspect":1.7661375661375662,"near":0.1,"far":1000,"bounding_box":{"max":{"x":8.568449121867177,"y":-38.89438558202669,"z":5.971330502305834},"min":{"x":-8.568449121867177,"y":-49.8,"z":-5.971330502305834}},"photos":[{"position":[119,7.286648454926752e-15,7.286648454926752e-15],"rotation":[-6.162975822039155e-33,1.5707963267948966,0,"XYZ"],"image":"90aac188-41a9-4995-9f97-f37dfe9622af.jpg"},{"position":[0,64.9999999999675,0.00006499999999998917],"rotation":[-1.5707953267948969,0,0,"XYZ"],"image":"67518ecc-c62e-49b5-80d4-71fce8ff82a2.jpg"},{"position":[0,6.306931015608869e-15,103],"rotation":[-6.123233995736765e-17,0,0,"XYZ"],"image":"a4182a92-7223-4ea8-9c49-89da91d93122.jpg"}]}