{"id":"16da044d-0590-44a5-a849-b122a939b583","fov":75,"aspect":1.7661375661375662,"near":0.1,"far":1000,"bounding_box":{"max":{"x":13,"y":-33.38263714947496,"z":8.842379150494555},"min":{"x":-13,"y":-49.8,"z":-8.842379150494555}},"photos":[{"position":[105,6.429395695523604e-15,6.429395695523604e-15],"rotation":[-6.162975822039155e-33,1.5707963267948966,0,"XYZ"],"image":"cbd6ba4d-6bba-447d-88ad-f57e819c098a.jpg"},{"position":[0,69.999999999965,0.00006999999999998833],"rotation":[-1.5707953267948966,0,0,"XYZ"],"image":"7a11df0b-beab-459e-8e44-943079bb014d.jpg"},{"position":[0,6.735557395310443e-15,110],"rotation":[-6.123233995736766e-17,0,0,"XYZ"],"image":"0c26fd09-2c81-421c-9735-e463ea98d2be.jpg"}]}