{"id":"18870c53-a144-44a4-a9f1-34f48d3f1a1c","fov":75,"aspect":1.7661375661375662,"near":0.1,"far":1000,"bounding_box":{"max":{"x":32.557846426963806,"y":-17.13396679162979,"z":14.973329961299896},"min":{"x":-32.557846426963806,"y":-49.8,"z":-14.973329961299896}},"photos":[{"position":[102,6.245698675651501e-15,6.245698675651501e-15],"rotation":[-6.162975822039155e-33,1.5707963267948966,0,"XYZ"],"image":"8121f2f0-ef84-41da-9f88-4b4646348c36.jpg"},{"position":[0,74.9999999999625,0.0000749999999999875],"rotation":[-1.5707953267948969,0,0,"XYZ"],"image":"1e208da9-f665-49fc-8551-63173db6f1b1.jpg"},{"position":[0,6.55186037543834e-15,107],"rotation":[-6.123233995736766e-17,0,0,"XYZ"],"image":"28a58f8c-ba18-40ac-8494-bb70192c5255.jpg"}]}