{"id":"19fb6cd2-da77-4c49-a0f8-aae7767d7ca0","fov":75,"aspect":1.7661375661375662,"near":0.1,"far":1000,"bounding_box":{"max":{"x":17.073320700217952,"y":-15.762437290925888,"z":17.090913395633773},"min":{"x":-17.073320700217955,"y":-49.8,"z":-17.090913395633773}},"photos":[{"position":[110,6.735557395310443e-15,6.735557395310443e-15],"rotation":[-6.162975822039155e-33,1.5707963267948966,0,"XYZ"],"image":"eba6fce9-65bd-4624-8d9a-71cebcbb74c1.jpg"},{"position":[0,73.999999999963,0.00007399999999998766],"rotation":[-1.5707953267948966,0,0,"XYZ"],"image":"47bcd4ea-5385-40f6-a8a2-99b7cb39d709.jpg"},{"position":[0,7.286648454926752e-15,119],"rotation":[-6.123233995736766e-17,0,0,"XYZ"],"image":"efb2a2b1-f427-4dba-b18e-8f5f2332d847.jpg"}]}