{"id":"1b376d72-4fcc-4684-8c74-5edf01c686ba","fov":75,"aspect":1.7661375661375662,"near":0.1,"far":1000,"bounding_box":{"max":{"x":48.00045013427681,"y":-21.789998737958943,"z":10.009100256720558},"min":{"x":-48.00045013427681,"y":-49.8,"z":-10.00910025672056}},"photos":[{"position":[104,6.368163355566236e-15,6.368163355566236e-15],"rotation":[-6.162975822039155e-33,1.5707963267948966,0,"XYZ"],"image":"beedcb4d-fce9-47e6-9d78-4a29f8865c70.jpg"},{"position":[0,68.9999999999655,0.0000689999999999885],"rotation":[-1.5707953267948966,0,0,"XYZ"],"image":"742d424a-1011-44ec-9725-2f73368402fb.jpg"},{"position":[0,6.184466335694134e-15,101],"rotation":[-6.123233995736766e-17,0,0,"XYZ"],"image":"79344a94-19eb-4d4a-9071-b566ff27693c.jpg"}]}