{"id":"1d06079d-f484-4539-ae4a-1463d7f74a14","fov":75,"aspect":1.7661375661375662,"near":0.1,"far":1000,"bounding_box":{"max":{"x":23.87078046798706,"y":-29.387200284004194,"z":26.240040063858032},"min":{"x":-23.87078046798706,"y":-49.8,"z":-26.240040063858032}},"photos":[{"position":[117,7.164183775012016e-15,7.164183775012016e-15],"rotation":[-6.162975822039155e-33,1.5707963267948966,0,"XYZ"],"image":"7cf64787-8f37-44a7-bfa8-45f3b40c1618.jpg"},{"position":[0,60.999999999969496,0.000060999999999989834],"rotation":[-1.5707953267948966,0,0,"XYZ"],"image":"c8fbd19c-6260-4899-a89e-0a8b2ab00c84.jpg"},{"position":[0,7.286648454926752e-15,119],"rotation":[-6.123233995736766e-17,0,0,"XYZ"],"image":"d8906ad0-244b-4247-aac5-61eba0409572.jpg"}]}