{"id":"1e38ec8a-c146-40d8-8100-8dac5bc4f074","fov":75,"aspect":1.7661375661375662,"near":0.1,"far":1000,"bounding_box":{"max":{"x":15.859999645501375,"y":-37.017394812314336,"z":6.305000107027585},"min":{"x":-15.859999645501375,"y":-49.800000000000004,"z":-6.305000107027585}},"photos":[{"position":[108,6.6130927153957075e-15,6.6130927153957075e-15],"rotation":[-6.162975822039155e-33,1.5707963267948966,0,"XYZ"],"image":"29c2c4d4-5aa9-494c-94b7-5056f6b0c727.jpg"},{"position":[0,68.9999999999655,0.0000689999999999885],"rotation":[-1.5707953267948966,0,0,"XYZ"],"image":"20c66101-e8fb-4471-85a0-e4e69e72fb24.jpg"},{"position":[0,6.919254415182545e-15,113],"rotation":[-6.123233995736766e-17,0,0,"XYZ"],"image":"19bb9714-e344-42cc-b8f5-85a6bd3a4ade.jpg"}]}