{"id":"2398fd85-6ea5-4076-b690-18a6bf42ebe2","fov":75,"aspect":1.7661375661375662,"near":0.1,"far":1000,"bounding_box":{"max":{"x":13.35,"y":-27.539998515527348,"z":6.675002574920656},"min":{"x":-13.35,"y":-49.8,"z":-6.675002574920656}},"photos":[{"position":[109,6.674325055353075e-15,6.674325055353075e-15],"rotation":[-6.162975822039155e-33,1.5707963267948966,0,"XYZ"],"image":"2b07c2ba-eb65-4248-b177-19fc3f98fc60.jpg"},{"position":[0,69.999999999965,0.00006999999999998833],"rotation":[-1.5707953267948966,0,0,"XYZ"],"image":"9637124b-281a-4a7f-91b6-7cbe1f6ea859.jpg"},{"position":[0,7.286648454926752e-15,119],"rotation":[-6.123233995736766e-17,0,0,"XYZ"],"image":"212c4ba1-49c1-4360-a52b-9d0b71de3a9f.jpg"}]}