{"id":"23df2a8e-d6a2-4d32-8a32-513fe1170a11","fov":75,"aspect":1.7661375661375662,"near":0.1,"far":1000,"bounding_box":{"max":{"x":10.267259627580643,"y":-26.21159817872139,"z":7.278285413451057},"min":{"x":-10.267259627580643,"y":-49.8,"z":-7.278285413451058}},"photos":[{"position":[110,6.735557395310443e-15,6.735557395310443e-15],"rotation":[-6.162975822039155e-33,1.5707963267948966,0,"XYZ"],"image":"37b14238-1e8e-421a-92ac-3e9876618c41.jpg"},{"position":[0,75.999999999962,0.00007599999999998733],"rotation":[-1.5707953267948966,0,0,"XYZ"],"image":"f0da984c-55cf-4d2a-8289-fceecacd5459.jpg"},{"position":[0,6.6130927153957075e-15,108],"rotation":[-6.123233995736766e-17,0,0,"XYZ"],"image":"2c94d564-5684-4f34-9cdd-743753e90007.jpg"}]}