{"id":"255638fd-ade7-4de3-b068-699c2679bf8d","fov":75,"aspect":1.7661375661375662,"near":0.1,"far":1000,"bounding_box":{"max":{"x":9.203201850542252,"y":-19.056724584031027,"z":11.558818901757515},"min":{"x":-9.203201850542252,"y":-49.800000000000004,"z":-11.558818901757515}},"photos":[{"position":[116,7.102951435054649e-15,7.102951435054649e-15],"rotation":[-6.162975822039155e-33,1.5707963267948966,0,"XYZ"],"image":"00352018-eb04-43a4-ac9f-f4f387fea055.jpg"},{"position":[0,59.99999999997,0.00005999999999999],"rotation":[-1.5707953267948966,0,0,"XYZ"],"image":"46583d86-2132-4d12-9633-b4a2a2c21457.jpg"},{"position":[0,6.674325055353075e-15,109],"rotation":[-6.123233995736766e-17,0,0,"XYZ"],"image":"4f150085-13fb-4354-b3d5-5dcbc19c1034.jpg"}]}