{"id":"26957b3f-0ff5-4a41-8bc8-90b952483da2","fov":75,"aspect":1.7661375661375662,"near":0.1,"far":1000,"bounding_box":{"max":{"x":46.006677746772766,"y":-15.351201808920582,"z":17.961837475323236},"min":{"x":-46.006677746772766,"y":-49.8,"z":-17.961837475323236}},"photos":[{"position":[116,7.102951435054649e-15,7.102951435054649e-15],"rotation":[-6.162975822039155e-33,1.5707963267948966,0,"XYZ"],"image":"300d44fb-c0f4-443f-8faf-c3b2c45f813c.jpg"},{"position":[0,69.999999999965,0.00006999999999998833],"rotation":[-1.5707953267948966,0,0,"XYZ"],"image":"0783f914-9ad2-4f66-aa2e-f54e6b5438b5.jpg"},{"position":[0,7.041719095097281e-15,115],"rotation":[-6.123233995736766e-17,0,0,"XYZ"],"image":"3d186305-d218-4579-a618-eef82695cf7c.jpg"}]}