{"id":"28ddb0de-a9e5-4023-9b56-0e9c49cba86b","fov":75,"aspect":1.7661375661375662,"near":0.1,"far":1000,"bounding_box":{"max":{"x":24.215640134447142,"y":-36.72756470140063,"z":17.45436773400899},"min":{"x":-24.215640134447142,"y":-49.8,"z":-17.45436773400899}},"photos":[{"position":[115,7.041719095097281e-15,7.041719095097281e-15],"rotation":[-6.162975822039155e-33,1.5707963267948966,0,"XYZ"],"image":"d7706997-a663-41ba-a64b-61a5ba6cfa4c.jpg"},{"position":[0,67.999999999966,0.00006799999999998867],"rotation":[-1.5707953267948962,0,0,"XYZ"],"image":"91308a90-e9f4-4bb3-aada-d273ef47c8c2.jpg"},{"position":[0,7.041719095097281e-15,115],"rotation":[-6.123233995736766e-17,0,0,"XYZ"],"image":"11af4d79-f2bc-404c-97e0-0213a98d81bb.jpg"}]}