{"id":"2992af1e-a3f6-4598-a843-b5a0178bbf28","fov":75,"aspect":1.7661375661375662,"near":0.1,"far":1000,"bounding_box":{"max":{"x":13,"y":-33.38263714947496,"z":8.842379150494555},"min":{"x":-13,"y":-49.8,"z":-8.842379150494555}},"photos":[{"position":[115,7.041719095097281e-15,7.041719095097281e-15],"rotation":[-6.162975822039155e-33,1.5707963267948966,0,"XYZ"],"image":"0ff0a2bf-7030-43e5-a8a8-9483f5aed973.jpg"},{"position":[0,68.9999999999655,0.0000689999999999885],"rotation":[-1.5707953267948966,0,0,"XYZ"],"image":"c1b9a189-0a0b-4f1d-8123-3fd89afe745d.jpg"},{"position":[0,6.674325055353075e-15,109],"rotation":[-6.123233995736766e-17,0,0,"XYZ"],"image":"fab4ef6a-25bd-42b5-a244-4e8b6450e265.jpg"}]}