{"id":"29f0a0d4-a21b-497f-9c19-516bf170d210","fov":75,"aspect":1.7661375661375662,"near":0.1,"far":1000,"bounding_box":{"max":{"x":9.595960029400885,"y":-15.698758222764921,"z":11.657352271315679},"min":{"x":-9.595960029400885,"y":-49.8,"z":-11.657352271315677}},"photos":[{"position":[111,6.79678973526781e-15,6.79678973526781e-15],"rotation":[-6.162975822039155e-33,1.5707963267948966,0,"XYZ"],"image":"c1e33ae3-328d-46aa-af80-313b6baab062.jpg"},{"position":[0,74.9999999999625,0.0000749999999999875],"rotation":[-1.5707953267948969,0,0,"XYZ"],"image":"e84730b8-1e2b-46a9-8281-ca4c936d030f.jpg"},{"position":[0,6.245698675651501e-15,102],"rotation":[-6.123233995736766e-17,0,0,"XYZ"],"image":"42006f2f-b463-40f4-8333-bda42fb58eb2.jpg"}]}