{"id":"2cfdbe74-4617-4ba4-878d-514d2c9f3482","fov":75,"aspect":1.7661375661375662,"near":0.1,"far":1000,"bounding_box":{"max":{"x":10.384862422943115,"y":-19.000000762939447,"z":11.208715289831163},"min":{"x":-10.384862422943115,"y":-49.8,"z":-11.208715289831163}},"photos":[{"position":[120,7.34788079488412e-15,7.34788079488412e-15],"rotation":[-6.162975822039155e-33,1.5707963267948966,0,"XYZ"],"image":"6b43d529-ac5c-4a70-b8d7-5b816abd2e50.jpg"},{"position":[0,72.99999999996349,0.00007299999999998783],"rotation":[-1.5707953267948969,0,0,"XYZ"],"image":"5c94b9b6-e7e4-4a33-8fd8-aea5140bbd72.jpg"},{"position":[0,6.429395695523604e-15,105],"rotation":[-6.123233995736766e-17,0,0,"XYZ"],"image":"2ac6a62d-719e-41d1-be3f-e5d47053a74f.jpg"}]}