{"id":"2d0b4fe8-78d4-4839-87b4-a403152978bd","fov":75,"aspect":1.7661375661375662,"near":0.1,"far":1000,"bounding_box":{"max":{"x":23.40951442718506,"y":-37.79999952316284,"z":19.199998378753666},"min":{"x":-23.40951442718506,"y":-49.800000000000004,"z":-19.199998378753662}},"photos":[{"position":[101,6.184466335694134e-15,6.184466335694134e-15],"rotation":[-6.162975822039155e-33,1.5707963267948966,0,"XYZ"],"image":"1fa58412-1ec6-46a1-86a8-8ae7faac731c.jpg"},{"position":[0,64.9999999999675,0.00006499999999998917],"rotation":[-1.5707953267948969,0,0,"XYZ"],"image":"dbf1d3dd-716d-4e2d-9295-583ba429c9bc.jpg"},{"position":[0,6.919254415182545e-15,113],"rotation":[-6.123233995736766e-17,0,0,"XYZ"],"image":"14ae7de6-55f3-47aa-b063-2082f190d466.jpg"}]}