{"id":"2e607ff5-129f-416f-bde8-1315ad30c65c","fov":75,"aspect":1.7661375661375662,"near":0.1,"far":1000,"bounding_box":{"max":{"x":26.64682656809329,"y":-35.575462157380684,"z":9.248752654297213},"min":{"x":-26.64682656809329,"y":-49.8,"z":-9.248752654297213}},"photos":[{"position":[112,6.858022075225178e-15,6.858022075225178e-15],"rotation":[-6.162975822039155e-33,1.5707963267948966,0,"XYZ"],"image":"554ed4f5-b73b-4229-8b6e-212d0edd0b61.jpg"},{"position":[0,75.999999999962,0.00007599999999998733],"rotation":[-1.5707953267948966,0,0,"XYZ"],"image":"fabb9bfc-3716-47cd-afe7-759993a2c315.jpg"},{"position":[0,6.368163355566236e-15,104],"rotation":[-6.123233995736766e-17,0,0,"XYZ"],"image":"9b91b71d-6b41-4455-b8f6-8578c491fc19.jpg"}]}