{"id":"31001820-12fc-42ca-8fe4-087df2c4e8f3","fov":75,"aspect":1.7661375661375662,"near":0.1,"far":1000,"bounding_box":{"max":{"x":6.436553790456042,"y":-20.695471290238885,"z":11.414563746334716},"min":{"x":-6.436553790456042,"y":-49.8,"z":-11.414563746334716}},"photos":[{"position":[119,7.286648454926752e-15,7.286648454926752e-15],"rotation":[-6.162975822039155e-33,1.5707963267948966,0,"XYZ"],"image":"f92313ed-47e0-4674-bb5f-e57689c2a3e9.jpg"},{"position":[0,67.999999999966,0.00006799999999998867],"rotation":[-1.5707953267948962,0,0,"XYZ"],"image":"205d25af-b7fd-49bf-b3cd-1e8653c5f0f8.jpg"},{"position":[0,6.55186037543834e-15,107],"rotation":[-6.123233995736766e-17,0,0,"XYZ"],"image":"9298db2a-ae12-4aeb-8219-be084d99c427.jpg"}]}