{"id":"33d0beb4-eb97-484d-980f-9f5bf70f46a6","fov":75,"aspect":1.7661375661375662,"near":0.1,"far":1000,"bounding_box":{"max":{"x":16.25,"y":-40.15174149274826,"z":7.800000309944153},"min":{"x":-16.25,"y":-49.8,"z":-7.800000309944153}},"photos":[{"position":[119,7.286648454926752e-15,7.286648454926752e-15],"rotation":[-6.162975822039155e-33,1.5707963267948966,0,"XYZ"],"image":"b5f2a283-5e6a-4e5c-8c0f-4784933af945.jpg"},{"position":[0,66.99999999996649,0.00006699999999998883],"rotation":[-1.5707953267948962,0,0,"XYZ"],"image":"77466ef6-7e0f-4800-9423-ae92b33c67bd.jpg"},{"position":[0,6.79678973526781e-15,111],"rotation":[-6.123233995736766e-17,0,0,"XYZ"],"image":"ab7d0b11-94cf-4800-a9a0-ab7157da0f72.jpg"}]}