{"id":"34b00ed2-d7f8-41fd-b1b9-b21b4227a397","fov":75,"aspect":1.7661375661375662,"near":0.1,"far":1000,"bounding_box":{"max":{"x":17.134748373894055,"y":-16.87970658263132,"z":31.145244765519426},"min":{"x":-17.134748373894055,"y":-49.8,"z":-31.145244765519426}},"photos":[{"position":[110,6.735557395310443e-15,6.735557395310443e-15],"rotation":[-6.162975822039155e-33,1.5707963267948966,0,"XYZ"],"image":"3c4acd97-36ef-426a-955d-1699c2a7ecf1.jpg"},{"position":[0,61.999999999969,0.00006199999999998966],"rotation":[-1.5707953267948966,0,0,"XYZ"],"image":"d7a0f103-014c-4445-90ae-6a9ff9bc1a1f.jpg"},{"position":[0,7.164183775012016e-15,117],"rotation":[-6.123233995736766e-17,0,0,"XYZ"],"image":"17b377e6-cb59-45ad-826c-6ac5b2d0b177.jpg"}]}