{"id":"34f8e4e6-539f-4664-b544-b81b5c5b7281","fov":75,"aspect":1.7661375661375662,"near":0.1,"far":1000,"bounding_box":{"max":{"x":12.791908919024308,"y":-6.821060348033257,"z":11.761427565668853},"min":{"x":-12.791908919024308,"y":-49.8,"z":-11.76142756566885}},"photos":[{"position":[104,6.368163355566236e-15,6.368163355566236e-15],"rotation":[-6.162975822039155e-33,1.5707963267948966,0,"XYZ"],"image":"5f9a8b31-7353-4744-8150-650fb7000352.jpg"},{"position":[0,60.999999999969496,0.000060999999999989834],"rotation":[-1.5707953267948966,0,0,"XYZ"],"image":"7fc5d6e5-5ab1-4b6f-8af7-d498d1bffa0d.jpg"},{"position":[0,6.490628035480972e-15,106],"rotation":[-6.123233995736766e-17,0,0,"XYZ"],"image":"3b9ae7a5-d9f6-4ec2-a2db-48d564f03f9c.jpg"}]}