{"id":"357cb4d5-9aca-4842-935c-d55304888fa2","fov":75,"aspect":1.7661375661375662,"near":0.1,"far":1000,"bounding_box":{"max":{"x":8.500000403728341,"y":-14.813632676615708,"z":9.538733363221755},"min":{"x":-8.50000040372834,"y":-49.800000000000004,"z":-9.538733363221755}},"photos":[{"position":[115,7.041719095097281e-15,7.041719095097281e-15],"rotation":[-6.162975822039155e-33,1.5707963267948966,0,"XYZ"],"image":"dd7dd9cc-92eb-4a09-8a96-40a24adb1148.jpg"},{"position":[0,68.9999999999655,0.0000689999999999885],"rotation":[-1.5707953267948966,0,0,"XYZ"],"image":"96f655b1-d992-40f8-a3b5-da8dfd3b3eff.jpg"},{"position":[0,6.79678973526781e-15,111],"rotation":[-6.123233995736766e-17,0,0,"XYZ"],"image":"ad57564b-7cad-4ce9-b309-3a42f1615e9c.jpg"}]}