{"id":"361895ea-8aac-4691-b10c-5b583d065eff","fov":75,"aspect":1.7661375661375662,"near":0.1,"far":1000,"bounding_box":{"max":{"x":12.437751210646724,"y":-10.456552118498722,"z":16.397994822195248},"min":{"x":-12.437751210646724,"y":-49.8,"z":-16.39799482219525}},"photos":[{"position":[113,6.919254415182545e-15,6.919254415182545e-15],"rotation":[-6.162975822039155e-33,1.5707963267948966,0,"XYZ"],"image":"51f65a4b-9430-4f07-bc8a-69f893724b96.jpg"},{"position":[0,65.999999999967,0.000065999999999989],"rotation":[-1.5707953267948969,0,0,"XYZ"],"image":"1c54d2a8-0d88-4c00-af2c-048cd75c2389.jpg"},{"position":[0,6.735557395310443e-15,110],"rotation":[-6.123233995736766e-17,0,0,"XYZ"],"image":"99282f92-0e5c-49cf-bcfb-a75186fc11b8.jpg"}]}