{"id":"3808458e-1800-4b18-844a-5026d93c24bc","fov":75,"aspect":1.7661375661375662,"near":0.1,"far":1000,"bounding_box":{"max":{"x":16.260995492442625,"y":-3.593079729907835,"z":15.611388668746272},"min":{"x":-16.260995492442625,"y":-49.8,"z":-15.611388668746287}},"photos":[{"position":[103,6.306931015608869e-15,6.306931015608869e-15],"rotation":[-6.162975822039155e-33,1.5707963267948966,0,"XYZ"],"image":"31224a56-f789-4242-87c1-3348c8180460.jpg"},{"position":[0,75.999999999962,0.00007599999999998733],"rotation":[-1.5707953267948966,0,0,"XYZ"],"image":"45913a24-d9ee-4efd-a78e-9a5245282bd2.jpg"},{"position":[0,6.735557395310443e-15,110],"rotation":[-6.123233995736766e-17,0,0,"XYZ"],"image":"60324709-c2b0-486b-8814-1db5d2ff6228.jpg"}]}