{"id":"3ac0e026-3a12-4f01-8935-3fb2221838ad","fov":75,"aspect":1.7661375661375662,"near":0.1,"far":1000,"bounding_box":{"max":{"x":14.583343505859375,"y":-38.85247788131237,"z":9.895046889781952},"min":{"x":-14.583343505859375,"y":-49.8,"z":-9.895046889781952}},"photos":[{"position":[112,6.858022075225178e-15,6.858022075225178e-15],"rotation":[-6.162975822039155e-33,1.5707963267948966,0,"XYZ"],"image":"874de1cc-8cef-40b9-bdb5-a7e6e08545c0.jpg"},{"position":[0,58.9999999999705,0.000058999999999990165],"rotation":[-1.5707953267948966,0,0,"XYZ"],"image":"88f2f058-8377-437c-b48e-e8044cfa97eb.jpg"},{"position":[0,6.429395695523604e-15,105],"rotation":[-6.123233995736766e-17,0,0,"XYZ"],"image":"ba11181c-22b7-448f-9ea5-140ab6cb6e82.jpg"}]}