{"id":"3c2a2f0d-5de0-4cda-99a8-8e5274e244f4","fov":75,"aspect":1.7661375661375662,"near":0.1,"far":1000,"bounding_box":{"max":{"x":24.072057297528872,"y":-19.248615343413352,"z":13.613678388642013},"min":{"x":-24.07205729752887,"y":-49.8,"z":-13.613678388642013}},"photos":[{"position":[114,6.980486755139913e-15,6.980486755139913e-15],"rotation":[-6.162975822039155e-33,1.5707963267948966,0,"XYZ"],"image":"c1ca4e8f-36c0-458d-828b-15d1e6820fa4.jpg"},{"position":[0,56.9999999999715,0.000056999999999990496],"rotation":[-1.5707953267948966,0,0,"XYZ"],"image":"10d97df9-7d62-48e4-8df1-fbde0a23541e.jpg"},{"position":[0,7.225416114969383e-15,118],"rotation":[-6.123233995736765e-17,0,0,"XYZ"],"image":"1c73d8fa-71df-4af4-b49e-585cb3470664.jpg"}]}