{"id":"3f4a81c2-435d-4265-8bde-24e89d39baeb","fov":75,"aspect":1.7661375661375662,"near":0.1,"far":1000,"bounding_box":{"max":{"x":13.12605457752943,"y":-39.81474112012934,"z":5.777272134893876},"min":{"x":-13.12605457752943,"y":-49.8,"z":-5.7772721348938765}},"photos":[{"position":[110,6.735557395310443e-15,6.735557395310443e-15],"rotation":[-6.162975822039155e-33,1.5707963267948966,0,"XYZ"],"image":"7082f4f6-0f23-4437-962c-41384c5f0103.jpg"},{"position":[0,73.999999999963,0.00007399999999998766],"rotation":[-1.5707953267948966,0,0,"XYZ"],"image":"ce1c2163-0b17-4b43-b1c0-704873d1f188.jpg"},{"position":[0,7.286648454926752e-15,119],"rotation":[-6.123233995736766e-17,0,0,"XYZ"],"image":"db55fa5f-8f1c-4dc6-a921-674109d12504.jpg"}]}