{"id":"43089848-b677-4502-9af4-69d539d0fc99","fov":75,"aspect":1.7661375661375662,"near":0.1,"far":1000,"bounding_box":{"max":{"x":10.792394311439324,"y":-18.06659761383808,"z":9.830068826278197},"min":{"x":-10.792394311439324,"y":-49.8,"z":-9.830068826278197}},"photos":[{"position":[108,6.6130927153957075e-15,6.6130927153957075e-15],"rotation":[-6.162975822039155e-33,1.5707963267948966,0,"XYZ"],"image":"4bb74a7d-6615-48ab-854a-f602efdd2ccc.jpg"},{"position":[0,72.99999999996349,0.00007299999999998783],"rotation":[-1.5707953267948969,0,0,"XYZ"],"image":"be7f5b8c-c4b2-4c20-89a4-ebb4b180b5b2.jpg"},{"position":[0,7.164183775012016e-15,117],"rotation":[-6.123233995736766e-17,0,0,"XYZ"],"image":"ac0876d9-8db1-4ad7-a1da-efa804ef0401.jpg"}]}