{"id":"44a1cbcd-6fcc-41d1-826d-bbd15a825d12","fov":75,"aspect":1.7661375661375662,"near":0.1,"far":1000,"bounding_box":{"max":{"x":19.505140941092876,"y":-40.106337765894125,"z":9.641750702099188},"min":{"x":-19.505140941092876,"y":-49.8,"z":-9.641750702099188}},"photos":[{"position":[111,6.79678973526781e-15,6.79678973526781e-15],"rotation":[-6.162975822039155e-33,1.5707963267948966,0,"XYZ"],"image":"338fba24-bb24-4fa3-b22c-084b7d0e910e.jpg"},{"position":[0,58.9999999999705,0.000058999999999990165],"rotation":[-1.5707953267948966,0,0,"XYZ"],"image":"7a850057-8bb9-4319-a250-420f4b1b4e7e.jpg"},{"position":[0,6.55186037543834e-15,107],"rotation":[-6.123233995736766e-17,0,0,"XYZ"],"image":"62a2cb61-4059-4c9b-a1b4-042b90f6988f.jpg"}]}