{"id":"45346e57-b45e-46e3-b1f2-b58e6a274265","fov":75,"aspect":1.7661375661375662,"near":0.1,"far":1000,"bounding_box":{"max":{"x":20.05218642950058,"y":3.5033384084701567,"z":24.616968750953674},"min":{"x":-20.05218642950058,"y":-49.8,"z":-24.616968750953674}},"photos":[{"position":[119,7.286648454926752e-15,7.286648454926752e-15],"rotation":[-6.162975822039155e-33,1.5707963267948966,0,"XYZ"],"image":"b74e0bfc-6b3b-4c70-ab19-51e61fc2e59a.jpg"},{"position":[0,67.999999999966,0.00006799999999998867],"rotation":[-1.5707953267948962,0,0,"XYZ"],"image":"ff362875-3c3a-48f8-999a-5b1f227474bd.jpg"},{"position":[0,6.368163355566236e-15,104],"rotation":[-6.123233995736766e-17,0,0,"XYZ"],"image":"e5dac14f-9d7f-4305-80ff-54934f1f7b0f.jpg"}]}