{"id":"4a7833bc-54be-4c58-a3f9-06f8717cc5a4","fov":75,"aspect":1.7661375661375662,"near":0.1,"far":1000,"bounding_box":{"max":{"x":40,"y":-25.93480009728492,"z":14.783360021166459},"min":{"x":-40,"y":-49.8,"z":-14.783360021166459}},"photos":[{"position":[106,6.490628035480972e-15,6.490628035480972e-15],"rotation":[-6.162975822039155e-33,1.5707963267948966,0,"XYZ"],"image":"f308b6a3-178b-48ae-80be-8b6dff172813.jpg"},{"position":[0,71.99999999996399,0.000071999999999988],"rotation":[-1.5707953267948962,0,0,"XYZ"],"image":"62dca865-8209-4b81-af63-4d5c73237141.jpg"},{"position":[0,7.041719095097281e-15,115],"rotation":[-6.123233995736766e-17,0,0,"XYZ"],"image":"3d7bb600-2c15-4253-93a5-f0d624464429.jpg"}]}