{"id":"4a82c7f9-e0f7-4574-850d-57e32b0b9626","fov":75,"aspect":1.7661375661375662,"near":0.1,"far":1000,"bounding_box":{"max":{"x":13.540553923378651,"y":1.7379813702973301,"z":20.603759198376743},"min":{"x":-13.540553923378651,"y":-49.8,"z":-20.603759198376743}},"photos":[{"position":[116,7.102951435054649e-15,7.102951435054649e-15],"rotation":[-6.162975822039155e-33,1.5707963267948966,0,"XYZ"],"image":"851292f9-5ab0-4f70-8cdc-3f8608741610.jpg"},{"position":[0,63.999999999968,0.00006399999999998933],"rotation":[-1.570795326794897,0,0,"XYZ"],"image":"2729003e-673e-4407-af26-8c8f5ae682b0.jpg"},{"position":[0,7.34788079488412e-15,120],"rotation":[-6.123233995736766e-17,0,0,"XYZ"],"image":"42e4970e-d42a-4142-b00e-f2bedff25c2d.jpg"}]}