{"id":"4b3f39b7-3260-4af9-a62f-a2ac47f90c84","fov":75,"aspect":1.7661375661375662,"near":0.1,"far":1000,"bounding_box":{"max":{"x":10.17341673374176,"y":-27.298894327935454,"z":10.173420527142861},"min":{"x":-10.17341673374176,"y":-49.79999999999999,"z":-10.173420527142861}},"photos":[{"position":[114,6.980486755139913e-15,6.980486755139913e-15],"rotation":[-6.162975822039155e-33,1.5707963267948966,0,"XYZ"],"image":"aed9b17a-2584-4aca-9caa-f90ecf3e7eac.jpg"},{"position":[0,68.9999999999655,0.0000689999999999885],"rotation":[-1.5707953267948966,0,0,"XYZ"],"image":"651c1943-fc6f-4c86-9d66-7e5fbb9dfa60.jpg"},{"position":[0,6.858022075225178e-15,112],"rotation":[-6.123233995736766e-17,0,0,"XYZ"],"image":"b9980329-8180-4235-825b-b062e6126423.jpg"}]}