{"id":"4be271eb-7fc4-4547-9855-171fcd7ca59e","fov":75,"aspect":1.7661375661375662,"near":0.1,"far":1000,"bounding_box":{"max":{"x":9.725818187097275,"y":-8.010039641212758,"z":11.452115059607934},"min":{"x":-9.725818187097275,"y":-49.8,"z":-11.452115059607934}},"photos":[{"position":[107,6.55186037543834e-15,6.55186037543834e-15],"rotation":[-6.162975822039155e-33,1.5707963267948966,0,"XYZ"],"image":"f9f9e3a0-3a5d-48ce-babe-de3dcea9560f.jpg"},{"position":[0,59.99999999997,0.00005999999999999],"rotation":[-1.5707953267948966,0,0,"XYZ"],"image":"2d312065-b809-4472-95d4-a4fbf738acdf.jpg"},{"position":[0,6.368163355566236e-15,104],"rotation":[-6.123233995736766e-17,0,0,"XYZ"],"image":"d8e4d461-ad40-4a66-95b3-4a6b10da0223.jpg"}]}