{"id":"4c0cc752-ae62-4d21-826d-45d09a67cc9d","fov":75,"aspect":1.7661375661375662,"near":0.1,"far":1000,"bounding_box":{"max":{"x":7.913110555105996,"y":-38.246491519081886,"z":6.552327216990667},"min":{"x":-7.913110555105996,"y":-49.8,"z":-6.552327216990666}},"photos":[{"position":[113,6.919254415182545e-15,6.919254415182545e-15],"rotation":[-6.162975822039155e-33,1.5707963267948966,0,"XYZ"],"image":"e3d04d8e-1b2f-4ac5-88b5-33f7c2e47e2f.jpg"},{"position":[0,57.999999999970996,0.00005799999999999033],"rotation":[-1.5707953267948969,0,0,"XYZ"],"image":"d59ae498-dcb2-43bc-9ce1-99d2805d3cc7.jpg"},{"position":[0,6.55186037543834e-15,107],"rotation":[-6.123233995736766e-17,0,0,"XYZ"],"image":"0a3b03e6-e4b9-45c5-bd6c-f725a44e1352.jpg"}]}