{"id":"504086ac-768b-4bc9-9e01-9317c38ed9f2","fov":75,"aspect":1.7661375661375662,"near":0.1,"far":1000,"bounding_box":{"max":{"x":14.000000357627869,"y":-17.900000284612176,"z":13.999999761581421},"min":{"x":-14.000000357627869,"y":-49.8,"z":-13.999999761581421}},"photos":[{"position":[108,6.6130927153957075e-15,6.6130927153957075e-15],"rotation":[-6.162975822039155e-33,1.5707963267948966,0,"XYZ"],"image":"31aa03f9-f37e-4dff-8139-2ad849d69740.jpg"},{"position":[0,60.999999999969496,0.000060999999999989834],"rotation":[-1.5707953267948966,0,0,"XYZ"],"image":"e9a7c959-2e63-4d0c-8900-bb01202f0554.jpg"},{"position":[0,7.34788079488412e-15,120],"rotation":[-6.123233995736766e-17,0,0,"XYZ"],"image":"e04f49e7-9241-4e30-9e7d-b1fe183a9f7f.jpg"}]}