{"id":"508d14c4-824f-42ec-bd1d-b9024f8b9965","fov":75,"aspect":1.7661375661375662,"near":0.1,"far":1000,"bounding_box":{"max":{"x":12.575150463845164,"y":-4.518094900664995,"z":13.316446205610653},"min":{"x":-12.575150463845162,"y":-49.8,"z":-13.316446205610657}},"photos":[{"position":[113,6.919254415182545e-15,6.919254415182545e-15],"rotation":[-6.162975822039155e-33,1.5707963267948966,0,"XYZ"],"image":"914ca40b-b6d9-4be9-9c50-e66205dd0877.jpg"},{"position":[0,72.99999999996349,0.00007299999999998783],"rotation":[-1.5707953267948969,0,0,"XYZ"],"image":"67bee7d6-1cbb-4989-829c-902b9c8ae8f5.jpg"},{"position":[0,6.919254415182545e-15,113],"rotation":[-6.123233995736766e-17,0,0,"XYZ"],"image":"0c8dac11-c99f-4172-aa6a-c902b6aded8e.jpg"}]}