{"id":"50c4b3e5-2eb5-45cf-b0ff-08855dd80fca","fov":75,"aspect":1.7661375661375662,"near":0.1,"far":1000,"bounding_box":{"max":{"x":11.66928900414455,"y":-18.901545422395344,"z":5.716070003433815},"min":{"x":-11.66928900414455,"y":-49.79999999999999,"z":-5.716070003433816}},"photos":[{"position":[111,6.79678973526781e-15,6.79678973526781e-15],"rotation":[-6.162975822039155e-33,1.5707963267948966,0,"XYZ"],"image":"e0521e03-0618-417b-ae12-d85f1331af99.jpg"},{"position":[0,70.9999999999645,0.00007099999999998816],"rotation":[-1.5707953267948969,0,0,"XYZ"],"image":"b34fda00-35fd-46d1-baef-f40c579883fd.jpg"},{"position":[0,7.041719095097281e-15,115],"rotation":[-6.123233995736766e-17,0,0,"XYZ"],"image":"1edb21a7-e641-4b9d-ba39-d47b825d742d.jpg"}]}