{"id":"516ffc52-c0d2-47d6-ba6f-5925fee2847b","fov":75,"aspect":1.7661375661375662,"near":0.1,"far":1000,"bounding_box":{"max":{"x":3.469006651587634,"y":-34.255639995881026,"z":3.985586077297045},"min":{"x":-3.469006651587634,"y":-49.8,"z":-3.985586077297045}},"photos":[{"position":[114,6.980486755139913e-15,6.980486755139913e-15],"rotation":[-6.162975822039155e-33,1.5707963267948966,0,"XYZ"],"image":"67c6a170-489c-4f52-9c34-dee5ce4aeaac.jpg"},{"position":[0,67.999999999966,0.00006799999999998867],"rotation":[-1.5707953267948962,0,0,"XYZ"],"image":"df8889d7-6f3b-4bc2-b2af-b8282932197b.jpg"},{"position":[0,6.919254415182545e-15,113],"rotation":[-6.123233995736766e-17,0,0,"XYZ"],"image":"9b8f71c3-fd40-48a6-ba1b-eba8b614d01f.jpg"}]}