{"id":"544ad1f1-e83b-4f3e-8463-ae363e6f3714","fov":75,"aspect":1.7661375661375662,"near":0.1,"far":1000,"bounding_box":{"max":{"x":13.199999332427979,"y":-12.200000233319585,"z":12.4399995803833},"min":{"x":-13.199999332427979,"y":-49.8,"z":-12.4399995803833}},"photos":[{"position":[110,6.735557395310443e-15,6.735557395310443e-15],"rotation":[-6.162975822039155e-33,1.5707963267948966,0,"XYZ"],"image":"b419c395-0170-4cc2-8c9f-bf2dceffce68.jpg"},{"position":[0,69.999999999965,0.00006999999999998833],"rotation":[-1.5707953267948966,0,0,"XYZ"],"image":"d4c7cc87-7ca0-4652-84dc-fde146b06ba0.jpg"},{"position":[0,6.735557395310443e-15,110],"rotation":[-6.123233995736766e-17,0,0,"XYZ"],"image":"139d83fe-99c4-4b25-a5fe-55034ba5dec1.jpg"}]}