{"id":"55aa3637-d247-4ed2-a3e2-26270b99a6dc","fov":75,"aspect":1.7661375661375662,"near":0.1,"far":1000,"bounding_box":{"max":{"x":1.4346398986583964,"y":-45.90475358132824,"z":1.242624255062097},"min":{"x":-1.4346398986583964,"y":-49.8,"z":-1.242624255062097}},"photos":[{"position":[103,6.306931015608869e-15,6.306931015608869e-15],"rotation":[-6.162975822039155e-33,1.5707963267948966,0,"XYZ"],"image":"299cb3e5-9adc-4c78-b268-be95361f545d.jpg"},{"position":[0,64.9999999999675,0.00006499999999998917],"rotation":[-1.5707953267948969,0,0,"XYZ"],"image":"16af8a67-f67f-4e8b-9504-3b3ffb6420fd.jpg"},{"position":[0,6.79678973526781e-15,111],"rotation":[-6.123233995736766e-17,0,0,"XYZ"],"image":"904d179d-99f5-4118-845c-7e5a07bae2ea.jpg"}]}