{"id":"57752247-8a6b-4e5b-a4a9-cc664394dc46","fov":75,"aspect":1.7661375661375662,"near":0.1,"far":1000,"bounding_box":{"max":{"x":15.20638336637154,"y":-15.6854351838383,"z":14.375203146691081},"min":{"x":-15.20638336637154,"y":-49.8,"z":-14.37520314669108}},"photos":[{"position":[111,6.79678973526781e-15,6.79678973526781e-15],"rotation":[-6.162975822039155e-33,1.5707963267948966,0,"XYZ"],"image":"87369125-fd0f-4d41-9f20-c654cea92f03.jpg"},{"position":[0,69.999999999965,0.00006999999999998833],"rotation":[-1.5707953267948966,0,0,"XYZ"],"image":"059e2e48-9af7-4552-8d75-5d00de052a01.jpg"},{"position":[0,6.6130927153957075e-15,108],"rotation":[-6.123233995736766e-17,0,0,"XYZ"],"image":"a041f761-e46e-4e4f-acdb-889edc722cda.jpg"}]}