{"id":"58739821-8db6-4924-9212-e9c4b40e1a33","fov":75,"aspect":1.7661375661375662,"near":0.1,"far":1000,"bounding_box":{"max":{"x":6.764696955680847,"y":-36.83253561258316,"z":6.764704704284669},"min":{"x":-6.764696955680847,"y":-49.8,"z":-6.76470470428467}},"photos":[{"position":[105,6.429395695523604e-15,6.429395695523604e-15],"rotation":[-6.162975822039155e-33,1.5707963267948966,0,"XYZ"],"image":"dcaa6066-0046-4079-83f7-453c91e7e28d.jpg"},{"position":[0,65.999999999967,0.000065999999999989],"rotation":[-1.5707953267948969,0,0,"XYZ"],"image":"0b1707a7-7d25-4321-8e33-131dec7dfdc7.jpg"},{"position":[0,6.184466335694134e-15,101],"rotation":[-6.123233995736766e-17,0,0,"XYZ"],"image":"07063de9-cc0e-4a38-b980-f901676b208a.jpg"}]}