{"id":"5c934886-ad16-4288-b549-98b7a3a756c3","fov":75,"aspect":1.7661375661375662,"near":0.1,"far":1000,"bounding_box":{"max":{"x":12.595677712392158,"y":-20.72592308202557,"z":13.998278334141247},"min":{"x":-12.595677712392165,"y":-49.8,"z":-13.998278334141244}},"photos":[{"position":[105,6.429395695523604e-15,6.429395695523604e-15],"rotation":[-6.162975822039155e-33,1.5707963267948966,0,"XYZ"],"image":"fc71c081-569b-42d1-ab30-1b6914c2212d.jpg"},{"position":[0,60.999999999969496,0.000060999999999989834],"rotation":[-1.5707953267948966,0,0,"XYZ"],"image":"df029e8b-0e61-48b6-965b-d8a988885dbc.jpg"},{"position":[0,6.490628035480972e-15,106],"rotation":[-6.123233995736766e-17,0,0,"XYZ"],"image":"a2130e3c-64e5-4bb8-8913-e628261e2f6f.jpg"}]}