{"id":"5d51aa8d-a433-4b88-afd2-85afcdae3515","fov":75,"aspect":1.7661375661375662,"near":0.1,"far":1000,"bounding_box":{"max":{"x":4.273053641674002,"y":-38.706209733477536,"z":11.901325476643308},"min":{"x":-4.273053641674002,"y":-49.8,"z":-11.90132547664331}},"photos":[{"position":[119,7.286648454926752e-15,7.286648454926752e-15],"rotation":[-6.162975822039155e-33,1.5707963267948966,0,"XYZ"],"image":"05d05a7f-4aab-4c12-a8cf-d1a103334b0d.jpg"},{"position":[0,56.9999999999715,0.000056999999999990496],"rotation":[-1.5707953267948966,0,0,"XYZ"],"image":"5778266e-7d90-4ac1-85e7-4af2e6c95c24.jpg"},{"position":[0,6.490628035480972e-15,106],"rotation":[-6.123233995736766e-17,0,0,"XYZ"],"image":"55675ee8-59cc-4077-b00e-507f133cfcb0.jpg"}]}