{"id":"5ebbd256-05f3-47c9-9eba-7256aaf175bc","fov":75,"aspect":1.7661375661375662,"near":0.1,"far":1000,"bounding_box":{"max":{"x":34.000000953674316,"y":-32.119999933242795,"z":10.000000000000002},"min":{"x":-34.000000953674316,"y":-49.8,"z":-10.000000000000002}},"photos":[{"position":[118,7.225416114969383e-15,7.225416114969383e-15],"rotation":[-6.162975822039155e-33,1.5707963267948966,0,"XYZ"],"image":"5bba17d7-85b9-40d6-87db-54ce7d4897e5.jpg"},{"position":[0,58.9999999999705,0.000058999999999990165],"rotation":[-1.5707953267948966,0,0,"XYZ"],"image":"54fe37d8-c36d-4de8-91be-bbb3c35a1118.jpg"},{"position":[0,6.735557395310443e-15,110],"rotation":[-6.123233995736766e-17,0,0,"XYZ"],"image":"813f199c-69e1-449f-87cc-fb6e43ed1934.jpg"}]}