{"id":"6149329d-2f8f-45bd-b4ef-37569bfb64ae","fov":75,"aspect":1.7661375661375662,"near":0.1,"far":1000,"bounding_box":{"max":{"x":75,"y":-23.949491314528316,"z":75},"min":{"x":-75,"y":-49.800000000000004,"z":-75}},"photos":[{"position":[116,7.102951435054649e-15,7.102951435054649e-15],"rotation":[-6.162975822039155e-33,1.5707963267948966,0,"XYZ"],"image":"f507d879-a866-49b9-9135-a5e434b37953.jpg"},{"position":[0,73.999999999963,0.00007399999999998766],"rotation":[-1.5707953267948966,0,0,"XYZ"],"image":"6fb05c7d-f762-4ac7-8080-2ca3fc5e83f1.jpg"},{"position":[0,6.919254415182545e-15,113],"rotation":[-6.123233995736766e-17,0,0,"XYZ"],"image":"de19554c-3cba-4f66-8480-7dfb15fc8e1c.jpg"}]}