{"id":"64499d9b-5844-4c0f-b5dc-dd59e2fd6aa2","fov":75,"aspect":1.7661375661375662,"near":0.1,"far":1000,"bounding_box":{"max":{"x":14.39866407635813,"y":-39.51395169361044,"z":7.281347474425711},"min":{"x":-14.39866407635813,"y":-49.8,"z":-7.281347474425711}},"photos":[{"position":[106,6.490628035480972e-15,6.490628035480972e-15],"rotation":[-6.162975822039155e-33,1.5707963267948966,0,"XYZ"],"image":"a73c2271-9d88-479a-bad7-a4117b1394f0.jpg"},{"position":[0,71.99999999996399,0.000071999999999988],"rotation":[-1.5707953267948962,0,0,"XYZ"],"image":"1ae63fb6-a490-4180-985f-75838b7ba0f5.jpg"},{"position":[0,7.34788079488412e-15,120],"rotation":[-6.123233995736766e-17,0,0,"XYZ"],"image":"834dd837-b07f-4142-adf2-aae34d4684f9.jpg"}]}