{"id":"647be2b7-8d9e-4172-9a6c-f74c7d701f02","fov":75,"aspect":1.7661375661375662,"near":0.1,"far":1000,"bounding_box":{"max":{"x":21.382795000878133,"y":-30.5691517359953,"z":21.38279444973754},"min":{"x":-21.382795000878133,"y":-49.800000000000004,"z":-21.38279444973754}},"photos":[{"position":[119,7.286648454926752e-15,7.286648454926752e-15],"rotation":[-6.162975822039155e-33,1.5707963267948966,0,"XYZ"],"image":"7d96f252-9572-400a-92bb-d8bb990d580c.jpg"},{"position":[0,71.99999999996399,0.000071999999999988],"rotation":[-1.5707953267948962,0,0,"XYZ"],"image":"75c3c886-95b2-4ccf-931a-d12cd22b7be2.jpg"},{"position":[0,6.306931015608869e-15,103],"rotation":[-6.123233995736765e-17,0,0,"XYZ"],"image":"bbe14909-2507-45a1-a5cc-ca16a568307e.jpg"}]}