{"id":"67c78b42-76aa-422c-87a0-2aa574f7cf78","fov":75,"aspect":1.7661375661375662,"near":0.1,"far":1000,"bounding_box":{"max":{"x":6.9999998435378075,"y":30.19999821186066,"z":24.3999994546175},"min":{"x":-6.9999998435378075,"y":-49.8,"z":-24.3999994546175}},"photos":[{"position":[108,6.6130927153957075e-15,6.6130927153957075e-15],"rotation":[-6.162975822039155e-33,1.5707963267948966,0,"XYZ"],"image":"d3f04f75-85c9-447a-a7cc-05271d11cf37.jpg"},{"position":[0,74.9999999999625,0.0000749999999999875],"rotation":[-1.5707953267948969,0,0,"XYZ"],"image":"9804c72a-0eb9-41b0-908d-f8ddadfc9df5.jpg"},{"position":[0,6.184466335694134e-15,101],"rotation":[-6.123233995736766e-17,0,0,"XYZ"],"image":"254c2075-c07b-419e-8b13-9b8d669b7bac.jpg"}]}