{"id":"6c4f4196-91c9-4bb8-a199-649372915dfb","fov":75,"aspect":1.7661375661375662,"near":0.1,"far":1000,"bounding_box":{"max":{"x":15.293607699603308,"y":-20.05546040374671,"z":29.463276695143637},"min":{"x":-15.293607699603308,"y":-49.8,"z":-29.463276695143637}},"photos":[{"position":[102,6.245698675651501e-15,6.245698675651501e-15],"rotation":[-6.162975822039155e-33,1.5707963267948966,0,"XYZ"],"image":"c6e6e1d7-ecc3-4916-a532-354817b9a098.jpg"},{"position":[0,64.9999999999675,0.00006499999999998917],"rotation":[-1.5707953267948969,0,0,"XYZ"],"image":"d5eb52bf-a597-4bfb-a73b-4f55345da8df.jpg"},{"position":[0,7.102951435054649e-15,116],"rotation":[-6.123233995736766e-17,0,0,"XYZ"],"image":"93634655-6a1c-495a-9202-da632286a1db.jpg"}]}