{"id":"6e56e0a5-8069-45a2-b82a-5000ceaf27f3","fov":75,"aspect":1.7661375661375662,"near":0.1,"far":1000,"bounding_box":{"max":{"x":10.409002741811943,"y":-33.901443104803704,"z":5.2000028669833505},"min":{"x":-10.409002741811943,"y":-49.8,"z":-5.2000028669833505}},"photos":[{"position":[114,6.980486755139913e-15,6.980486755139913e-15],"rotation":[-6.162975822039155e-33,1.5707963267948966,0,"XYZ"],"image":"3c39f730-0e5b-4b80-b409-ad7a16facd49.jpg"},{"position":[0,56.9999999999715,0.000056999999999990496],"rotation":[-1.5707953267948966,0,0,"XYZ"],"image":"fef4143b-59a7-40ae-92ea-9d81d4311704.jpg"},{"position":[0,6.919254415182545e-15,113],"rotation":[-6.123233995736766e-17,0,0,"XYZ"],"image":"72078add-e3b6-4abd-8a5d-851e18bd8e6c.jpg"}]}