{"id":"70207acd-868c-4f6a-abee-564d271802dd","fov":75,"aspect":1.7661375661375662,"near":0.1,"far":1000,"bounding_box":{"max":{"x":13.405798082248737,"y":-17.446871343156868,"z":12.48772827330453},"min":{"x":-13.405798082248737,"y":-49.8,"z":-12.48772827330453}},"photos":[{"position":[109,6.674325055353075e-15,6.674325055353075e-15],"rotation":[-6.162975822039155e-33,1.5707963267948966,0,"XYZ"],"image":"d8727906-4ebb-4def-9d81-54baa00d4faf.jpg"},{"position":[0,56.9999999999715,0.000056999999999990496],"rotation":[-1.5707953267948966,0,0,"XYZ"],"image":"2561d050-f4cb-49e5-9438-7af1efb5c61e.jpg"},{"position":[0,7.041719095097281e-15,115],"rotation":[-6.123233995736766e-17,0,0,"XYZ"],"image":"c1514588-18c0-4c8d-bce1-6d6b41bf858e.jpg"}]}