{"id":"70b936c4-a3a2-44da-8eca-bc987b4f92d6","fov":75,"aspect":1.7661375661375662,"near":0.1,"far":1000,"bounding_box":{"max":{"x":20.204756761981013,"y":-2.4895993270606844,"z":21.397939589723524},"min":{"x":-20.204756761981013,"y":-49.8,"z":-21.397939589723524}},"photos":[{"position":[117,7.164183775012016e-15,7.164183775012016e-15],"rotation":[-6.162975822039155e-33,1.5707963267948966,0,"XYZ"],"image":"febc9b22-355c-4d14-a1ad-270278ec2ac4.jpg"},{"position":[0,68.9999999999655,0.0000689999999999885],"rotation":[-1.5707953267948966,0,0,"XYZ"],"image":"7302fe21-b459-44b9-93c4-0b4ba191f1c6.jpg"},{"position":[0,6.858022075225178e-15,112],"rotation":[-6.123233995736766e-17,0,0,"XYZ"],"image":"75b0e566-0d8a-4e73-a381-ebaba7c3f590.jpg"}]}