{"id":"73ae1c32-d80d-403d-814f-85ec48791ccf","fov":75,"aspect":1.7661375661375662,"near":0.1,"far":1000,"bounding_box":{"max":{"x":18.646816062066932,"y":-7.162799999999994,"z":18.96126411178789},"min":{"x":-18.646816062066932,"y":-49.8,"z":-18.961264111787894}},"photos":[{"position":[110,6.735557395310443e-15,6.735557395310443e-15],"rotation":[-6.162975822039155e-33,1.5707963267948966,0,"XYZ"],"image":"29f7256f-232c-4cc4-aa76-aafec5fda648.jpg"},{"position":[0,74.9999999999625,0.0000749999999999875],"rotation":[-1.5707953267948969,0,0,"XYZ"],"image":"90dc01c8-7c85-440b-ac78-42737ee80221.jpg"},{"position":[0,7.164183775012016e-15,117],"rotation":[-6.123233995736766e-17,0,0,"XYZ"],"image":"57aed20b-01f8-4f5a-97c2-b9f15e73d838.jpg"}]}