{"id":"7473f45e-c053-4b3f-b9a2-8c93091a5a09","fov":75,"aspect":1.7661375661375662,"near":0.1,"far":1000,"bounding_box":{"max":{"x":10.999999046325684,"y":-21.080000209808343,"z":6.891980171203616},"min":{"x":-10.999999046325684,"y":-49.8,"z":-6.891980171203617}},"photos":[{"position":[103,6.306931015608869e-15,6.306931015608869e-15],"rotation":[-6.162975822039155e-33,1.5707963267948966,0,"XYZ"],"image":"7fab5585-cf02-498c-ba0e-99abfbd6a865.jpg"},{"position":[0,65.999999999967,0.000065999999999989],"rotation":[-1.5707953267948969,0,0,"XYZ"],"image":"9f8c7fde-a160-4a71-a0d2-8d46091c1713.jpg"},{"position":[0,6.245698675651501e-15,102],"rotation":[-6.123233995736766e-17,0,0,"XYZ"],"image":"ab56e6e8-d6b5-4b78-9582-4a501b403860.jpg"}]}