{"id":"74bfeccb-94ae-46ae-80c7-eec6901431cc","fov":75,"aspect":1.7661375661375662,"near":0.1,"far":1000,"bounding_box":{"max":{"x":50.10867004394531,"y":5.909994506835957,"z":50.10867004394531},"min":{"x":-50.10867004394531,"y":-49.8,"z":-50.10867004394531}},"photos":[{"position":[117,7.164183775012016e-15,7.164183775012016e-15],"rotation":[-6.162975822039155e-33,1.5707963267948966,0,"XYZ"],"image":"c650aadd-3493-4e32-8fc5-cf5452f50ddd.jpg"},{"position":[0,62.999999999968495,0.0000629999999999895],"rotation":[-1.5707953267948969,0,0,"XYZ"],"image":"70fc7543-0223-43f0-81c2-b45774fa454d.jpg"},{"position":[0,7.225416114969383e-15,118],"rotation":[-6.123233995736765e-17,0,0,"XYZ"],"image":"6f003565-4411-4cd7-8a38-f1037a9ea336.jpg"}]}