{"id":"7532460b-cc54-46f5-8b29-3d03e2d0f9de","fov":75,"aspect":1.7661375661375662,"near":0.1,"far":1000,"bounding_box":{"max":{"x":50.10867004394531,"y":-25.88214170166293,"z":50.10867004394531},"min":{"x":-50.10867004394531,"y":-49.800000000000004,"z":-50.10867004394531}},"photos":[{"position":[115,7.041719095097281e-15,7.041719095097281e-15],"rotation":[-6.162975822039155e-33,1.5707963267948966,0,"XYZ"],"image":"bc46c5ec-5eb0-4d12-92fa-f1f4e4f771b9.jpg"},{"position":[0,73.999999999963,0.00007399999999998766],"rotation":[-1.5707953267948966,0,0,"XYZ"],"image":"a260ffbc-783a-4580-828d-ab97360f3dbc.jpg"},{"position":[0,6.245698675651501e-15,102],"rotation":[-6.123233995736766e-17,0,0,"XYZ"],"image":"797ef986-7095-4a93-ad56-5f54b6a786b9.jpg"}]}