{"id":"75872ffe-bf04-495e-98a8-3f7f3bea41e7","fov":75,"aspect":1.7661375661375662,"near":0.1,"far":1000,"bounding_box":{"max":{"x":9.763252586126328,"y":-25.04000138044357,"z":35.999999046325684},"min":{"x":-9.763252586126328,"y":-49.8,"z":-35.999999046325684}},"photos":[{"position":[120,7.34788079488412e-15,7.34788079488412e-15],"rotation":[-6.162975822039155e-33,1.5707963267948966,0,"XYZ"],"image":"468276ca-d5eb-4282-bbae-48e7093e4a94.jpg"},{"position":[0,75.999999999962,0.00007599999999998733],"rotation":[-1.5707953267948966,0,0,"XYZ"],"image":"93d1a14f-9989-4637-b7d7-3267bf26963d.jpg"},{"position":[0,7.225416114969383e-15,118],"rotation":[-6.123233995736765e-17,0,0,"XYZ"],"image":"d52bbb0e-a16d-4803-a6d2-026c30a8919d.jpg"}]}