{"id":"76b291c1-8274-421a-9fcf-b00de3bd1517","fov":75,"aspect":1.7661375661375662,"near":0.1,"far":1000,"bounding_box":{"max":{"x":14.600000055134288,"y":-19.799995451511858,"z":13.2000026732879},"min":{"x":-14.600000055134288,"y":-49.8,"z":-13.2000026732879}},"photos":[{"position":[102,6.245698675651501e-15,6.245698675651501e-15],"rotation":[-6.162975822039155e-33,1.5707963267948966,0,"XYZ"],"image":"44b2b30f-1fa0-4e1b-b6f0-577b4619c3f8.jpg"},{"position":[0,74.9999999999625,0.0000749999999999875],"rotation":[-1.5707953267948969,0,0,"XYZ"],"image":"4c413363-a74c-492d-a6e2-d9446142f748.jpg"},{"position":[0,6.490628035480972e-15,106],"rotation":[-6.123233995736766e-17,0,0,"XYZ"],"image":"764280ae-d1ab-4aa2-9f88-a0b0f381d9ed.jpg"}]}