{"id":"773d2e31-783b-497b-8dba-00edd3b7e163","fov":75,"aspect":1.7661375661375662,"near":0.1,"far":1000,"bounding_box":{"max":{"x":17.84314374625683,"y":-33.38687385522914,"z":30.63114035942621},"min":{"x":-17.84314374625683,"y":-49.8,"z":-30.631140359426215}},"photos":[{"position":[106,6.490628035480972e-15,6.490628035480972e-15],"rotation":[-6.162975822039155e-33,1.5707963267948966,0,"XYZ"],"image":"f7e394ff-b347-4614-aadc-e0aefac1a7c5.jpg"},{"position":[0,67.999999999966,0.00006799999999998867],"rotation":[-1.5707953267948962,0,0,"XYZ"],"image":"6649bb11-5fa5-43ff-a55a-3f11c41d9a97.jpg"},{"position":[0,6.55186037543834e-15,107],"rotation":[-6.123233995736766e-17,0,0,"XYZ"],"image":"d62498a2-ab8e-4600-a122-c55c3262ef02.jpg"}]}