{"id":"78a57ddd-b12e-4901-82cc-d2732a2e8e2a","fov":75,"aspect":1.7661375661375662,"near":0.1,"far":1000,"bounding_box":{"max":{"x":10.441590615963467,"y":-9.972949311838413,"z":10.990241043634935},"min":{"x":-10.441590615963468,"y":-49.8,"z":-10.990241043634935}},"photos":[{"position":[112,6.858022075225178e-15,6.858022075225178e-15],"rotation":[-6.162975822039155e-33,1.5707963267948966,0,"XYZ"],"image":"039561a3-6809-4e70-8063-d45d13838f23.jpg"},{"position":[0,64.9999999999675,0.00006499999999998917],"rotation":[-1.5707953267948969,0,0,"XYZ"],"image":"fefca361-e0b8-4db0-9efd-7ae28318a035.jpg"},{"position":[0,6.184466335694134e-15,101],"rotation":[-6.123233995736766e-17,0,0,"XYZ"],"image":"6551e649-83a1-4b2e-a028-79fe3563485f.jpg"}]}