{"id":"7ac0762e-7a30-4557-9a59-e85c5558b4b2","fov":75,"aspect":1.7661375661375662,"near":0.1,"far":1000,"bounding_box":{"max":{"x":23.88267771621696,"y":-20.448112964630123,"z":32.45526011429591},"min":{"x":-23.882677716216946,"y":-49.8,"z":-32.45526011429591}},"photos":[{"position":[102,6.245698675651501e-15,6.245698675651501e-15],"rotation":[-6.162975822039155e-33,1.5707963267948966,0,"XYZ"],"image":"b401a696-61ef-48f3-bb6b-f50e70b5e839.jpg"},{"position":[0,64.9999999999675,0.00006499999999998917],"rotation":[-1.5707953267948969,0,0,"XYZ"],"image":"caf22ac1-07c6-415b-8f27-ed52b2425511.jpg"},{"position":[0,6.980486755139913e-15,114],"rotation":[-6.123233995736765e-17,0,0,"XYZ"],"image":"eeef34af-73b5-418d-9dac-f1412dbc70dc.jpg"}]}