{"id":"7ac4d325-4aae-446a-a756-d4abde815895","fov":75,"aspect":1.7661375661375662,"near":0.1,"far":1000,"bounding_box":{"max":{"x":46.006677746772766,"y":-15.351201808920582,"z":17.961837475323236},"min":{"x":-46.006677746772766,"y":-49.8,"z":-17.961837475323236}},"photos":[{"position":[114,6.980486755139913e-15,6.980486755139913e-15],"rotation":[-6.162975822039155e-33,1.5707963267948966,0,"XYZ"],"image":"295accf9-6302-4d47-93d0-ad381bca1d3a.jpg"},{"position":[0,69.999999999965,0.00006999999999998833],"rotation":[-1.5707953267948966,0,0,"XYZ"],"image":"baa9465d-3083-48d6-b50a-5e06d7fbe727.jpg"},{"position":[0,6.735557395310443e-15,110],"rotation":[-6.123233995736766e-17,0,0,"XYZ"],"image":"284caafb-6e45-4a22-a576-a03cfe1cbac1.jpg"}]}