{"id":"808cd487-8619-4e99-aec3-39fe879159ae","fov":75,"aspect":1.7661375661375662,"near":0.1,"far":1000,"bounding_box":{"max":{"x":9.67702396831342,"y":-12.50801055171416,"z":10.41441091704337},"min":{"x":-9.67702396831342,"y":-49.8,"z":-10.41441091704337}},"photos":[{"position":[114,6.980486755139913e-15,6.980486755139913e-15],"rotation":[-6.162975822039155e-33,1.5707963267948966,0,"XYZ"],"image":"bf805059-1505-41c4-9ed9-7315694092db.jpg"},{"position":[0,57.999999999970996,0.00005799999999999033],"rotation":[-1.5707953267948969,0,0,"XYZ"],"image":"7afccd02-e28b-4fd4-a7b8-2957499e7af1.jpg"},{"position":[0,7.102951435054649e-15,116],"rotation":[-6.123233995736766e-17,0,0,"XYZ"],"image":"89acc9c3-9a89-4520-b9d5-4c4b1d0c78ee.jpg"}]}