{"id":"82ad78f6-2ffe-496f-a742-5df2aeef1c4a","fov":75,"aspect":1.7661375661375662,"near":0.1,"far":1000,"bounding_box":{"max":{"x":16.728127156548396,"y":-24.10580862133071,"z":17.236800336601735},"min":{"x":-16.728127156548396,"y":-49.8,"z":-17.236800336601735}},"photos":[{"position":[119,7.286648454926752e-15,7.286648454926752e-15],"rotation":[-6.162975822039155e-33,1.5707963267948966,0,"XYZ"],"image":"7d203c92-ef8b-4471-8db4-9582fd99ca7e.jpg"},{"position":[0,67.999999999966,0.00006799999999998867],"rotation":[-1.5707953267948962,0,0,"XYZ"],"image":"149c22a0-1012-48c8-99cf-f52a15e66ab8.jpg"},{"position":[0,6.490628035480972e-15,106],"rotation":[-6.123233995736766e-17,0,0,"XYZ"],"image":"8c3ceb36-b415-427e-b3b3-207f590de9ab.jpg"}]}