{"id":"879d31b8-4191-4717-8822-d2731b6189b5","fov":75,"aspect":1.7661375661375662,"near":0.1,"far":1000,"bounding_box":{"max":{"x":7.336075514554977,"y":-24.406605261564252,"z":5.134102851152421},"min":{"x":-7.336075514554977,"y":-49.8,"z":-5.134102851152421}},"photos":[{"position":[117,7.164183775012016e-15,7.164183775012016e-15],"rotation":[-6.162975822039155e-33,1.5707963267948966,0,"XYZ"],"image":"92ca34cc-1a3d-4de0-8d81-3dbf61441080.jpg"},{"position":[0,59.99999999997,0.00005999999999999],"rotation":[-1.5707953267948966,0,0,"XYZ"],"image":"ec77fdef-f044-4f6d-8b39-d71301b70fef.jpg"},{"position":[0,6.6130927153957075e-15,108],"rotation":[-6.123233995736766e-17,0,0,"XYZ"],"image":"ae6d520c-a31f-44f0-b307-3754841e0e43.jpg"}]}