{"id":"8db0c6ad-f91f-4968-9753-af6f49dca491","fov":75,"aspect":1.7661375661375662,"near":0.1,"far":1000,"bounding_box":{"max":{"x":9.891493916511536,"y":-14.20000057220458,"z":11.693776845932007},"min":{"x":-9.891493916511536,"y":-49.8,"z":-11.693776845932007}},"photos":[{"position":[114,6.980486755139913e-15,6.980486755139913e-15],"rotation":[-6.162975822039155e-33,1.5707963267948966,0,"XYZ"],"image":"7e8235da-fde3-4045-a223-59b6420648ae.jpg"},{"position":[0,69.999999999965,0.00006999999999998833],"rotation":[-1.5707953267948966,0,0,"XYZ"],"image":"01045b38-0db0-4230-9174-2993357f3bc3.jpg"},{"position":[0,6.368163355566236e-15,104],"rotation":[-6.123233995736766e-17,0,0,"XYZ"],"image":"bc36b11b-4f8c-44e8-8a42-3445bf7cfff1.jpg"}]}