{"id":"904579ca-e677-469c-a943-7f81d405798a","fov":75,"aspect":1.7661375661375662,"near":0.1,"far":1000,"bounding_box":{"max":{"x":12.34485162422061,"y":-38.38856102824211,"z":8.084258168004453},"min":{"x":-12.34485162422061,"y":-49.8,"z":-8.084258168004455}},"photos":[{"position":[108,6.6130927153957075e-15,6.6130927153957075e-15],"rotation":[-6.162975822039155e-33,1.5707963267948966,0,"XYZ"],"image":"61b5f6f1-f34f-49ef-ae4c-8cdb447a74e2.jpg"},{"position":[0,74.9999999999625,0.0000749999999999875],"rotation":[-1.5707953267948969,0,0,"XYZ"],"image":"5bad22ca-3666-49eb-ab11-4a6820f9ebd8.jpg"},{"position":[0,6.368163355566236e-15,104],"rotation":[-6.123233995736766e-17,0,0,"XYZ"],"image":"aa82b787-3482-4ce1-bfee-cafdbc0d2ba6.jpg"}]}