{"id":"90663559-9fea-4e41-a08c-72c003c3e286","fov":75,"aspect":1.7661375661375662,"near":0.1,"far":1000,"bounding_box":{"max":{"x":21.498932642258698,"y":-36.24131721936339,"z":11.751811512892965},"min":{"x":-21.498932642258694,"y":-49.8,"z":-11.751811512892965}},"photos":[{"position":[114,6.980486755139913e-15,6.980486755139913e-15],"rotation":[-6.162975822039155e-33,1.5707963267948966,0,"XYZ"],"image":"696604b4-d8a3-42a1-9649-0f1753cbf03f.jpg"},{"position":[0,75.999999999962,0.00007599999999998733],"rotation":[-1.5707953267948966,0,0,"XYZ"],"image":"973a0503-14ea-4c26-907c-6aaa0072a90b.jpg"},{"position":[0,6.674325055353075e-15,109],"rotation":[-6.123233995736766e-17,0,0,"XYZ"],"image":"486a5b31-005f-4132-adf2-459c23479019.jpg"}]}