{"id":"9572c467-aed9-44f0-8066-f0e113685790","fov":75,"aspect":1.7661375661375662,"near":0.1,"far":1000,"bounding_box":{"max":{"x":10.959999695123335,"y":-13.401875117844263,"z":11.85378506885818},"min":{"x":-10.959999695123335,"y":-49.8,"z":-11.85378506885818}},"photos":[{"position":[118,7.225416114969383e-15,7.225416114969383e-15],"rotation":[-6.162975822039155e-33,1.5707963267948966,0,"XYZ"],"image":"b7bc8bc7-6adc-406b-bd1d-b98b6d2af6d6.jpg"},{"position":[0,57.999999999970996,0.00005799999999999033],"rotation":[-1.5707953267948969,0,0,"XYZ"],"image":"6c0ba668-bc47-447e-922d-7bf8624dda8b.jpg"},{"position":[0,7.041719095097281e-15,115],"rotation":[-6.123233995736766e-17,0,0,"XYZ"],"image":"d41016f4-10bb-47a9-b1a9-d17498c89eb5.jpg"}]}