{"id":"972ce169-34d4-43a2-b412-fabc1d7e24eb","fov":75,"aspect":1.7661375661375662,"near":0.1,"far":1000,"bounding_box":{"max":{"x":10.400000154972076,"y":-40.04999999999999,"z":10.379477977752684},"min":{"x":-10.400000154972076,"y":-49.8,"z":-10.379477977752686}},"photos":[{"position":[112,6.858022075225178e-15,6.858022075225178e-15],"rotation":[-6.162975822039155e-33,1.5707963267948966,0,"XYZ"],"image":"fee8fffe-e5f9-4d25-815c-b546b17f2ffc.jpg"},{"position":[0,62.999999999968495,0.0000629999999999895],"rotation":[-1.5707953267948969,0,0,"XYZ"],"image":"736e66c1-15dd-4f1f-afac-0acf29cb9e57.jpg"},{"position":[0,6.980486755139913e-15,114],"rotation":[-6.123233995736765e-17,0,0,"XYZ"],"image":"2f20aab0-0667-494b-8a06-6ca936893ba6.jpg"}]}