{"id":"999a9e41-2dbb-4138-a643-32f78d8d4da9","fov":75,"aspect":1.7661375661375662,"near":0.1,"far":1000,"bounding_box":{"max":{"x":15.427659491077065,"y":-37.8018875002861,"z":7.638570916373284},"min":{"x":-15.427659491077065,"y":-49.8,"z":-7.638570916373284}},"photos":[{"position":[108,6.6130927153957075e-15,6.6130927153957075e-15],"rotation":[-6.162975822039155e-33,1.5707963267948966,0,"XYZ"],"image":"2e08cab1-4235-4103-9a81-4ce9b84a3453.jpg"},{"position":[0,69.999999999965,0.00006999999999998833],"rotation":[-1.5707953267948966,0,0,"XYZ"],"image":"f87e1692-59aa-40e5-b7a3-b97cadbf432f.jpg"},{"position":[0,6.79678973526781e-15,111],"rotation":[-6.123233995736766e-17,0,0,"XYZ"],"image":"edd4a09e-77be-4072-a45d-5c3fd83bcdb9.jpg"}]}