{"id":"9a20304a-122b-4ed7-af09-96d50721bbeb","fov":75,"aspect":1.7661375661375662,"near":0.1,"far":1000,"bounding_box":{"max":{"x":12.791908919024308,"y":-6.821060348033257,"z":11.761427565668853},"min":{"x":-12.791908919024308,"y":-49.8,"z":-11.76142756566885}},"photos":[{"position":[102,6.245698675651501e-15,6.245698675651501e-15],"rotation":[-6.162975822039155e-33,1.5707963267948966,0,"XYZ"],"image":"3abf4b04-a5a1-4c0f-a0a4-73f509066fc9.jpg"},{"position":[0,70.9999999999645,0.00007099999999998816],"rotation":[-1.5707953267948969,0,0,"XYZ"],"image":"22a55581-3a02-46fd-9903-8296842f748f.jpg"},{"position":[0,7.164183775012016e-15,117],"rotation":[-6.123233995736766e-17,0,0,"XYZ"],"image":"4c5cc0ec-981e-43d2-bbc0-7a3d434aba2d.jpg"}]}