{"id":"9e489022-5bad-4922-aa96-b749c0be8446","fov":75,"aspect":1.7661375661375662,"near":0.1,"far":1000,"bounding_box":{"max":{"x":12.182300299406052,"y":-25.488271224498746,"z":4.946409001946452},"min":{"x":-12.182300299406052,"y":-49.8,"z":-4.946409001946452}},"photos":[{"position":[111,6.79678973526781e-15,6.79678973526781e-15],"rotation":[-6.162975822039155e-33,1.5707963267948966,0,"XYZ"],"image":"f4177285-f4f0-4c7b-b7ec-a86cbda9b90b.jpg"},{"position":[0,64.9999999999675,0.00006499999999998917],"rotation":[-1.5707953267948969,0,0,"XYZ"],"image":"afdfe261-197e-4f28-94b0-fda093b715e4.jpg"},{"position":[0,7.164183775012016e-15,117],"rotation":[-6.123233995736766e-17,0,0,"XYZ"],"image":"27458f58-c4af-4237-a523-9129f4503fb6.jpg"}]}