{"id":"a0ab2fd7-c1d2-4411-9e11-beca777325b4","fov":75,"aspect":1.7661375661375662,"near":0.1,"far":1000,"bounding_box":{"max":{"x":6.8594294606780775,"y":-36.41842492081646,"z":6.4160839014514295},"min":{"x":-6.8594294606780775,"y":-49.8,"z":-6.416083901451456}},"photos":[{"position":[120,7.34788079488412e-15,7.34788079488412e-15],"rotation":[-6.162975822039155e-33,1.5707963267948966,0,"XYZ"],"image":"861aa080-4833-4ca2-a976-529023a7aa86.jpg"},{"position":[0,66.99999999996649,0.00006699999999998883],"rotation":[-1.5707953267948962,0,0,"XYZ"],"image":"ce824d54-1819-4788-bc08-2c7bc7ab1ab1.jpg"},{"position":[0,7.041719095097281e-15,115],"rotation":[-6.123233995736766e-17,0,0,"XYZ"],"image":"26daa388-7637-489b-8e69-0240b2083109.jpg"}]}