{"id":"a0f6d7fe-bb8b-42a4-bff0-3e07cd4ef5f2","fov":75,"aspect":1.7661375661375662,"near":0.1,"far":1000,"bounding_box":{"max":{"x":1.717173434691167,"y":-39.16615999999999,"z":6.034279139722605},"min":{"x":-1.717173434691167,"y":-49.8,"z":-6.034279139722605}},"photos":[{"position":[118,7.225416114969383e-15,7.225416114969383e-15],"rotation":[-6.162975822039155e-33,1.5707963267948966,0,"XYZ"],"image":"02ae88cc-8be5-423a-b768-d4f699e81efd.jpg"},{"position":[0,56.9999999999715,0.000056999999999990496],"rotation":[-1.5707953267948966,0,0,"XYZ"],"image":"23f967ab-3318-4923-890b-abfb0351b4ce.jpg"},{"position":[0,6.674325055353075e-15,109],"rotation":[-6.123233995736766e-17,0,0,"XYZ"],"image":"4a53b165-7c04-49dc-b087-10646787d92f.jpg"}]}