{"id":"a1f8c4ea-6a86-4e78-97ca-704d737d8a0d","fov":75,"aspect":1.7661375661375662,"near":0.1,"far":1000,"bounding_box":{"max":{"x":6.906895589017136,"y":-36.51244405434102,"z":6.825300256874546},"min":{"x":-6.906895589017136,"y":-49.8,"z":-6.825300256874547}},"photos":[{"position":[113,6.919254415182545e-15,6.919254415182545e-15],"rotation":[-6.162975822039155e-33,1.5707963267948966,0,"XYZ"],"image":"ea3c8502-4d50-41ff-8d3f-6afcdbbb2ff6.jpg"},{"position":[0,69.999999999965,0.00006999999999998833],"rotation":[-1.5707953267948966,0,0,"XYZ"],"image":"8392b9a4-94dd-44d5-8250-84f83b317e87.jpg"},{"position":[0,6.368163355566236e-15,104],"rotation":[-6.123233995736766e-17,0,0,"XYZ"],"image":"1ffd37ec-f9ec-4c71-8b9e-a4db5dce960a.jpg"}]}