{"id":"a50e37d9-df8e-4fe1-8217-b1b8c795f397","fov":75,"aspect":1.7661375661375662,"near":0.1,"far":1000,"bounding_box":{"max":{"x":12.569999992847443,"y":-33.80999737451194,"z":8.760000726769825},"min":{"x":-12.569999992847443,"y":-49.8,"z":-8.760000726769825}},"photos":[{"position":[102,6.245698675651501e-15,6.245698675651501e-15],"rotation":[-6.162975822039155e-33,1.5707963267948966,0,"XYZ"],"image":"81f21711-aef3-4609-a337-1ed78ac3e5a4.jpg"},{"position":[0,69.999999999965,0.00006999999999998833],"rotation":[-1.5707953267948966,0,0,"XYZ"],"image":"f83b3941-8b43-43ec-8cd9-2158428de571.jpg"},{"position":[0,6.429395695523604e-15,105],"rotation":[-6.123233995736766e-17,0,0,"XYZ"],"image":"5ef7a660-1f78-4141-9c68-f8733cc1210c.jpg"}]}