{"id":"a80ad30d-5759-4e7e-ae85-ba8a1e9ae0ee","fov":75,"aspect":1.7661375661375662,"near":0.1,"far":1000,"bounding_box":{"max":{"x":14.725206058823183,"y":-39.97293064377934,"z":7.862452085090355},"min":{"x":-14.725206058823183,"y":-49.8,"z":-7.862452085090355}},"photos":[{"position":[107,6.55186037543834e-15,6.55186037543834e-15],"rotation":[-6.162975822039155e-33,1.5707963267948966,0,"XYZ"],"image":"d18e9f7d-7f78-45f1-8c2a-dc1e2c3829e6.jpg"},{"position":[0,65.999999999967,0.000065999999999989],"rotation":[-1.5707953267948969,0,0,"XYZ"],"image":"b46e0163-f2b4-43ef-9883-9514227aa18b.jpg"},{"position":[0,6.306931015608869e-15,103],"rotation":[-6.123233995736765e-17,0,0,"XYZ"],"image":"936f292b-f4c0-4d99-b059-37eb5fc79cd9.jpg"}]}