{"id":"a88c62f5-9325-4f8b-a82d-53aa499161cb","fov":75,"aspect":1.7661375661375662,"near":0.1,"far":1000,"bounding_box":{"max":{"x":24.1187310218811,"y":-5.784773635864248,"z":8.895245790481573},"min":{"x":-24.118731021881104,"y":-49.8,"z":-8.895245790481573}},"photos":[{"position":[119,7.286648454926752e-15,7.286648454926752e-15],"rotation":[-6.162975822039155e-33,1.5707963267948966,0,"XYZ"],"image":"4f7a45a4-89dd-4532-b1c3-737a53c162a8.jpg"},{"position":[0,67.999999999966,0.00006799999999998867],"rotation":[-1.5707953267948962,0,0,"XYZ"],"image":"b2489bed-d2f1-4b5c-9402-4d66120fec66.jpg"},{"position":[0,6.368163355566236e-15,104],"rotation":[-6.123233995736766e-17,0,0,"XYZ"],"image":"a2387221-a5a7-4fc3-94aa-0cc214dc2413.jpg"}]}