{"id":"a8fe9e0e-b0ee-48e7-8370-caf645243818","fov":75,"aspect":1.7661375661375662,"near":0.1,"far":1000,"bounding_box":{"max":{"x":14.366070032119753,"y":-12.676851931214323,"z":21.627358307887334},"min":{"x":-14.366070032119751,"y":-49.8,"z":-21.627358307887334}},"photos":[{"position":[103,6.306931015608869e-15,6.306931015608869e-15],"rotation":[-6.162975822039155e-33,1.5707963267948966,0,"XYZ"],"image":"0db2928c-465d-42e2-aad9-5bde9586dcbb.jpg"},{"position":[0,59.99999999997,0.00005999999999999],"rotation":[-1.5707953267948966,0,0,"XYZ"],"image":"fea8df5c-920f-43e1-a23f-8332149abf76.jpg"},{"position":[0,7.041719095097281e-15,115],"rotation":[-6.123233995736766e-17,0,0,"XYZ"],"image":"4dea0dd9-5316-42fa-8b37-6b0dff53f233.jpg"}]}