{"id":"aae8c4eb-4205-4389-9d3f-2c7d90e5bcc9","fov":75,"aspect":1.7661375661375662,"near":0.1,"far":1000,"bounding_box":{"max":{"x":9.2964380093715,"y":-19.066356582946568,"z":10.069471515652427},"min":{"x":-9.2964380093715,"y":-49.8,"z":-10.069471515652427}},"photos":[{"position":[108,6.6130927153957075e-15,6.6130927153957075e-15],"rotation":[-6.162975822039155e-33,1.5707963267948966,0,"XYZ"],"image":"4338ed58-a16e-4149-96db-5651a1b43015.jpg"},{"position":[0,58.9999999999705,0.000058999999999990165],"rotation":[-1.5707953267948966,0,0,"XYZ"],"image":"f18c7ce5-4522-455f-8347-548397f867bf.jpg"},{"position":[0,6.919254415182545e-15,113],"rotation":[-6.123233995736766e-17,0,0,"XYZ"],"image":"8b53a1eb-7021-4796-b607-7fd7d701fdb2.jpg"}]}