{"id":"ae67f1db-df45-4cf7-978c-a45b073a4dc5","fov":75,"aspect":1.7661375661375662,"near":0.1,"far":1000,"bounding_box":{"max":{"x":6.460000306833535,"y":-36.719999378733334,"z":6.399823302022159},"min":{"x":-6.460000306833535,"y":-49.8,"z":-6.399823302022159}},"photos":[{"position":[102,6.245698675651501e-15,6.245698675651501e-15],"rotation":[-6.162975822039155e-33,1.5707963267948966,0,"XYZ"],"image":"bc7c8a82-f82a-4899-a486-253a10687c57.jpg"},{"position":[0,73.999999999963,0.00007399999999998766],"rotation":[-1.5707953267948966,0,0,"XYZ"],"image":"f3c7787a-4e88-4264-83ab-9636dbe320b3.jpg"},{"position":[0,6.674325055353075e-15,109],"rotation":[-6.123233995736766e-17,0,0,"XYZ"],"image":"1e1b1c44-1236-4791-bfc6-195b0df7e46e.jpg"}]}