{"id":"af1f22f3-7b54-43be-beb7-3d2dc95365be","fov":75,"aspect":1.7661375661375662,"near":0.1,"far":1000,"bounding_box":{"max":{"x":11.586674144335518,"y":-17.25539547150734,"z":12.59224267380215},"min":{"x":-11.586674144335518,"y":-49.8,"z":-12.59224267380215}},"photos":[{"position":[114,6.980486755139913e-15,6.980486755139913e-15],"rotation":[-6.162975822039155e-33,1.5707963267948966,0,"XYZ"],"image":"b1d4e1b7-8927-434a-82fe-771aea9fdeaa.jpg"},{"position":[0,72.99999999996349,0.00007299999999998783],"rotation":[-1.5707953267948969,0,0,"XYZ"],"image":"7a833ff9-4248-45f5-ad05-08aaeee86659.jpg"},{"position":[0,6.6130927153957075e-15,108],"rotation":[-6.123233995736766e-17,0,0,"XYZ"],"image":"4582a7df-6815-4c79-92dd-7ada1e34e2c8.jpg"}]}