{"id":"b156416b-d56b-4caa-99ff-5c8f065fd0c0","fov":75,"aspect":1.7661375661375662,"near":0.1,"far":1000,"bounding_box":{"max":{"x":9.066097576899113,"y":-6.697864425676281,"z":10.095079368104985},"min":{"x":-9.066097576899113,"y":-49.8,"z":-10.095079368104983}},"photos":[{"position":[114,6.980486755139913e-15,6.980486755139913e-15],"rotation":[-6.162975822039155e-33,1.5707963267948966,0,"XYZ"],"image":"fe230a60-1161-4d69-902e-92b8cd929687.jpg"},{"position":[0,68.9999999999655,0.0000689999999999885],"rotation":[-1.5707953267948966,0,0,"XYZ"],"image":"e2b3f27a-5a00-4150-bcd2-bb5b7092e9cc.jpg"},{"position":[0,6.735557395310443e-15,110],"rotation":[-6.123233995736766e-17,0,0,"XYZ"],"image":"8e3b7bdc-fa1b-4c73-a29f-4771a8fc5f47.jpg"}]}