{"id":"b205e7ff-ab1e-4f11-b620-b1f48df53d05","fov":75,"aspect":1.7661375661375662,"near":0.1,"far":1000,"bounding_box":{"max":{"x":14.300000309944153,"y":-39.92000012397766,"z":4.549999922513962},"min":{"x":-14.300000309944153,"y":-49.8,"z":-4.549999922513962}},"photos":[{"position":[104,6.368163355566236e-15,6.368163355566236e-15],"rotation":[-6.162975822039155e-33,1.5707963267948966,0,"XYZ"],"image":"58f5a297-3221-44ca-bba2-61b723cb824e.jpg"},{"position":[0,68.9999999999655,0.0000689999999999885],"rotation":[-1.5707953267948966,0,0,"XYZ"],"image":"61196f70-ab03-4029-a753-60d09d9bd924.jpg"},{"position":[0,7.102951435054649e-15,116],"rotation":[-6.123233995736766e-17,0,0,"XYZ"],"image":"aa5a7595-f887-48b3-92f9-346587d88849.jpg"}]}