{"id":"b29889c6-f7f2-46d6-adce-d77581d79e86","fov":75,"aspect":1.7661375661375662,"near":0.1,"far":1000,"bounding_box":{"max":{"x":6.6634040444464375,"y":-30.31927575751,"z":8.622006877947864},"min":{"x":-6.6634040444464375,"y":-49.8,"z":-8.622006877947864}},"photos":[{"position":[111,6.79678973526781e-15,6.79678973526781e-15],"rotation":[-6.162975822039155e-33,1.5707963267948966,0,"XYZ"],"image":"af2ada57-ed10-4498-af3d-ef098b5c9566.jpg"},{"position":[0,57.999999999970996,0.00005799999999999033],"rotation":[-1.5707953267948969,0,0,"XYZ"],"image":"8c9d0937-7381-42a6-8aee-3da319638764.jpg"},{"position":[0,6.6130927153957075e-15,108],"rotation":[-6.123233995736766e-17,0,0,"XYZ"],"image":"5240b942-11d1-477b-97e2-1feaf6cae6ff.jpg"}]}