{"id":"b2d3d14e-027e-4e7f-82bb-10284e44c1f2","fov":75,"aspect":1.7661375661375662,"near":0.1,"far":1000,"bounding_box":{"max":{"x":12.724273204799744,"y":-19.83744363784789,"z":12.073163986209288},"min":{"x":-12.724273204799745,"y":-49.79999999999999,"z":-12.073163986209288}},"photos":[{"position":[103,6.306931015608869e-15,6.306931015608869e-15],"rotation":[-6.162975822039155e-33,1.5707963267948966,0,"XYZ"],"image":"d2d1416d-73b0-4d8a-86e6-97c690cb59d0.jpg"},{"position":[0,64.9999999999675,0.00006499999999998917],"rotation":[-1.5707953267948969,0,0,"XYZ"],"image":"4c76c2fa-ffc3-4aa9-8cc4-e68c20c9bc68.jpg"},{"position":[0,6.735557395310443e-15,110],"rotation":[-6.123233995736766e-17,0,0,"XYZ"],"image":"34a5265a-af38-48e8-9e26-d585c613f00f.jpg"}]}