{"id":"b586833b-f3c5-4198-9766-a7342744c2b2","fov":75,"aspect":1.7661375661375662,"near":0.1,"far":1000,"bounding_box":{"max":{"x":12.924884855747223,"y":-15.920564488307505,"z":13.71744202764446},"min":{"x":-12.924884855747223,"y":-49.8,"z":-13.717442027644456}},"photos":[{"position":[104,6.368163355566236e-15,6.368163355566236e-15],"rotation":[-6.162975822039155e-33,1.5707963267948966,0,"XYZ"],"image":"c7bf0835-b27b-4a94-8f1a-f6fbd427bc5c.jpg"},{"position":[0,57.999999999970996,0.00005799999999999033],"rotation":[-1.5707953267948969,0,0,"XYZ"],"image":"a76e5290-d524-40e9-8e00-93c8326609fc.jpg"},{"position":[0,6.429395695523604e-15,105],"rotation":[-6.123233995736766e-17,0,0,"XYZ"],"image":"96c46930-9daf-4760-ba56-06f7a75fb6b8.jpg"}]}