{"id":"b61fa617-80bb-4316-8e3a-953745b7379b","fov":75,"aspect":1.7661375661375662,"near":0.1,"far":1000,"bounding_box":{"max":{"x":16.77196692817789,"y":-7.694649651987454,"z":15.12113893619751},"min":{"x":-16.77196692817789,"y":-49.8,"z":-15.12113893619751}},"photos":[{"position":[112,6.858022075225178e-15,6.858022075225178e-15],"rotation":[-6.162975822039155e-33,1.5707963267948966,0,"XYZ"],"image":"1f79e5c1-52c4-4b62-a15a-6e846fac491b.jpg"},{"position":[0,70.9999999999645,0.00007099999999998816],"rotation":[-1.5707953267948969,0,0,"XYZ"],"image":"adecf27f-ed5d-46fb-9852-0c54d05b6edd.jpg"},{"position":[0,6.490628035480972e-15,106],"rotation":[-6.123233995736766e-17,0,0,"XYZ"],"image":"109964e1-13e2-43b5-a913-82cc77ad85f5.jpg"}]}