{"id":"b6696993-8ca4-43d2-9f36-55f2cbee5801","fov":75,"aspect":1.7661375661375662,"near":0.1,"far":1000,"bounding_box":{"max":{"x":15.659852027893066,"y":-20.738450717949306,"z":17.5107342004776},"min":{"x":-15.659852027893066,"y":-49.8,"z":-17.5107342004776}},"photos":[{"position":[106,6.490628035480972e-15,6.490628035480972e-15],"rotation":[-6.162975822039155e-33,1.5707963267948966,0,"XYZ"],"image":"308e7e90-35df-4a8c-9687-cfa549ceb457.jpg"},{"position":[0,65.999999999967,0.000065999999999989],"rotation":[-1.5707953267948969,0,0,"XYZ"],"image":"945b2b71-6b9a-4e1b-8ab3-a960c94192d5.jpg"},{"position":[0,6.6130927153957075e-15,108],"rotation":[-6.123233995736766e-17,0,0,"XYZ"],"image":"5e7a578c-a5b5-4962-b193-b488f690218f.jpg"}]}