{"id":"b673d96d-7ca1-4e7e-8c1c-787d4f288e19","fov":75,"aspect":1.7661375661375662,"near":0.1,"far":1000,"bounding_box":{"max":{"x":24.000000953674316,"y":-35.600000429153425,"z":24.00000095367432},"min":{"x":-24.000000953674316,"y":-49.8,"z":-24.000000953674316}},"photos":[{"position":[116,7.102951435054649e-15,7.102951435054649e-15],"rotation":[-6.162975822039155e-33,1.5707963267948966,0,"XYZ"],"image":"8fbbfe5c-4f24-434d-9fcc-18e0d3bc1944.jpg"},{"position":[0,67.999999999966,0.00006799999999998867],"rotation":[-1.5707953267948962,0,0,"XYZ"],"image":"204375eb-be92-4b15-b95d-d7973532cffd.jpg"},{"position":[0,6.919254415182545e-15,113],"rotation":[-6.123233995736766e-17,0,0,"XYZ"],"image":"2f87d8a2-50e1-4aca-81f7-55063a44a26c.jpg"}]}