{"id":"ba3bb79c-af59-4f95-af63-80b821e161b5","fov":75,"aspect":1.7661375661375662,"near":0.1,"far":1000,"bounding_box":{"max":{"x":1.4612845773818308,"y":-28.15167749488288,"z":8.207220263214406},"min":{"x":-1.461284577381828,"y":-49.8,"z":-8.207220263214403}},"photos":[{"position":[120,7.34788079488412e-15,7.34788079488412e-15],"rotation":[-6.162975822039155e-33,1.5707963267948966,0,"XYZ"],"image":"42117d01-7444-478a-822d-f422e75a878a.jpg"},{"position":[0,57.999999999970996,0.00005799999999999033],"rotation":[-1.5707953267948969,0,0,"XYZ"],"image":"926b1fc1-ad23-4142-9236-07f604120f5e.jpg"},{"position":[0,6.245698675651501e-15,102],"rotation":[-6.123233995736766e-17,0,0,"XYZ"],"image":"26a02c79-173d-4e8f-9e6e-5c8ad6bfd309.jpg"}]}