{"id":"bbb3af33-0d71-4615-8174-2296d9c06961","fov":75,"aspect":1.7661375661375662,"near":0.1,"far":1000,"bounding_box":{"max":{"x":19.9022718667984,"y":9.063480916072159,"z":20.80941796302796},"min":{"x":-19.9022718667984,"y":-49.800000000000004,"z":-20.80941796302796}},"photos":[{"position":[108,6.6130927153957075e-15,6.6130927153957075e-15],"rotation":[-6.162975822039155e-33,1.5707963267948966,0,"XYZ"],"image":"1db680af-58a7-4ad0-a883-166abf5404fa.jpg"},{"position":[0,59.99999999997,0.00005999999999999],"rotation":[-1.5707953267948966,0,0,"XYZ"],"image":"1532deaf-64f9-4c08-a51c-1d4a751a96b6.jpg"},{"position":[0,7.34788079488412e-15,120],"rotation":[-6.123233995736766e-17,0,0,"XYZ"],"image":"3a26f7bc-79fd-4d65-88eb-50724bc52ce5.jpg"}]}