{"id":"bbfb6536-8089-494d-b560-88078b3ac0ed","fov":75,"aspect":1.7661375661375662,"near":0.1,"far":1000,"bounding_box":{"max":{"x":28.894290161132812,"y":-25.319850540161113,"z":29.09707489013672},"min":{"x":-28.894290161132812,"y":-49.79999999999999,"z":-29.09707489013672}},"photos":[{"position":[108,6.6130927153957075e-15,6.6130927153957075e-15],"rotation":[-6.162975822039155e-33,1.5707963267948966,0,"XYZ"],"image":"b9865fdd-a0a6-456b-bcbb-57c29a56f0fa.jpg"},{"position":[0,57.999999999970996,0.00005799999999999033],"rotation":[-1.5707953267948969,0,0,"XYZ"],"image":"d184d035-c463-4600-9247-cd36d2593d66.jpg"},{"position":[0,6.429395695523604e-15,105],"rotation":[-6.123233995736766e-17,0,0,"XYZ"],"image":"fceb1e98-29b3-42a9-bfd1-0c102eaddbe5.jpg"}]}