{"id":"bd04e746-aee7-4f85-b0d9-05b957934cbd","fov":75,"aspect":1.7661375661375662,"near":0.1,"far":1000,"bounding_box":{"max":{"x":30.287635803222656,"y":-22.780283626914027,"z":15.325489425659178},"min":{"x":-30.287635803222656,"y":-49.800000000000004,"z":-15.325489425659178}},"photos":[{"position":[116,7.102951435054649e-15,7.102951435054649e-15],"rotation":[-6.162975822039155e-33,1.5707963267948966,0,"XYZ"],"image":"225c999f-5c8f-4570-a051-ce690ebab836.jpg"},{"position":[0,70.9999999999645,0.00007099999999998816],"rotation":[-1.5707953267948969,0,0,"XYZ"],"image":"5223de0f-5b91-408e-8169-a5ba7c249ed5.jpg"},{"position":[0,7.164183775012016e-15,117],"rotation":[-6.123233995736766e-17,0,0,"XYZ"],"image":"121e79e6-a554-49b2-9e47-8a3a32fd78a1.jpg"}]}