{"id":"bd8fad64-807a-4a2d-8882-b1a6e21b14fd","fov":75,"aspect":1.7661375661375662,"near":0.1,"far":1000,"bounding_box":{"max":{"x":13.296582820997862,"y":-39.64528225674297,"z":5.8023144393593045},"min":{"x":-13.296582820997862,"y":-49.8,"z":-5.8023144393593045}},"photos":[{"position":[114,6.980486755139913e-15,6.980486755139913e-15],"rotation":[-6.162975822039155e-33,1.5707963267948966,0,"XYZ"],"image":"ffafd196-2f0e-430b-92b1-5902466c5f34.jpg"},{"position":[0,61.999999999969,0.00006199999999998966],"rotation":[-1.5707953267948966,0,0,"XYZ"],"image":"1d716063-f405-476b-b0cc-56430f47960d.jpg"},{"position":[0,6.980486755139913e-15,114],"rotation":[-6.123233995736765e-17,0,0,"XYZ"],"image":"8e503d60-408e-464d-a266-c74d45fd65f1.jpg"}]}