{"id":"bf2369fb-3f50-40f9-b122-6284d32c0bfb","fov":75,"aspect":1.7661375661375662,"near":0.1,"far":1000,"bounding_box":{"max":{"x":11.599999666211948,"y":-7.800001907348623,"z":11.999999471008781},"min":{"x":-11.59999966621195,"y":-49.800000000000004,"z":-11.999999471008783}},"photos":[{"position":[111,6.79678973526781e-15,6.79678973526781e-15],"rotation":[-6.162975822039155e-33,1.5707963267948966,0,"XYZ"],"image":"c7bb7074-732e-45ca-b916-8989e29ec6d9.jpg"},{"position":[0,57.999999999970996,0.00005799999999999033],"rotation":[-1.5707953267948969,0,0,"XYZ"],"image":"949dc143-790b-4e33-9bfc-a22326341670.jpg"},{"position":[0,7.102951435054649e-15,116],"rotation":[-6.123233995736766e-17,0,0,"XYZ"],"image":"6c0a809a-e2e6-4e9e-b3f0-f68ae6909180.jpg"}]}