{"id":"c19986a7-05c1-41dc-89f0-4e4e371bf4a2","fov":75,"aspect":1.7661375661375662,"near":0.1,"far":1000,"bounding_box":{"max":{"x":13.27531099319458,"y":-17.182575006675783,"z":12.20790743803335},"min":{"x":-13.27531099319458,"y":-49.8,"z":-12.20790743803335}},"photos":[{"position":[112,6.858022075225178e-15,6.858022075225178e-15],"rotation":[-6.162975822039155e-33,1.5707963267948966,0,"XYZ"],"image":"718f8cce-f49a-4f00-87c5-e1035813212b.jpg"},{"position":[0,65.999999999967,0.000065999999999989],"rotation":[-1.5707953267948969,0,0,"XYZ"],"image":"4216d804-3c64-40d1-ab9b-b82ed1bce9f5.jpg"},{"position":[0,6.674325055353075e-15,109],"rotation":[-6.123233995736766e-17,0,0,"XYZ"],"image":"94836059-66ac-4e89-882f-0d778258feb0.jpg"}]}