{"id":"c1bc7300-0bee-49da-b9dc-acfed5b64d15","fov":75,"aspect":1.7661375661375662,"near":0.1,"far":1000,"bounding_box":{"max":{"x":7.343466777393375,"y":-35.17303460843286,"z":8.473838073639891},"min":{"x":-7.343466777393374,"y":-49.8,"z":-8.473838073639877}},"photos":[{"position":[103,6.306931015608869e-15,6.306931015608869e-15],"rotation":[-6.162975822039155e-33,1.5707963267948966,0,"XYZ"],"image":"41726d5c-3abc-415c-95f3-63b93b9aabc6.jpg"},{"position":[0,75.999999999962,0.00007599999999998733],"rotation":[-1.5707953267948966,0,0,"XYZ"],"image":"803bce39-d247-40c7-82e2-263da84016a3.jpg"},{"position":[0,6.429395695523604e-15,105],"rotation":[-6.123233995736766e-17,0,0,"XYZ"],"image":"e23d451b-a2fb-4280-aabf-c936db5c0881.jpg"}]}