{"id":"c1fe2c62-b373-424c-8128-7d68e28ca394","fov":75,"aspect":1.7661375661375662,"near":0.1,"far":1000,"bounding_box":{"max":{"x":7.009549140930176,"y":-31.79999809265136,"z":6.985608935356143},"min":{"x":-7.009549140930176,"y":-49.8,"z":-6.985608935356142}},"photos":[{"position":[112,6.858022075225178e-15,6.858022075225178e-15],"rotation":[-6.162975822039155e-33,1.5707963267948966,0,"XYZ"],"image":"dbe09b48-6dbb-47c2-b6ba-4a156efa00fd.jpg"},{"position":[0,75.999999999962,0.00007599999999998733],"rotation":[-1.5707953267948966,0,0,"XYZ"],"image":"c4fc313a-f192-494f-91bb-7b098df33894.jpg"},{"position":[0,6.919254415182545e-15,113],"rotation":[-6.123233995736766e-17,0,0,"XYZ"],"image":"c7bbcfba-1b67-45b6-a3a1-64956db2254a.jpg"}]}