{"id":"c2f02c98-1545-40df-ae00-a0c9af28bd8c","fov":75,"aspect":1.7661375661375662,"near":0.1,"far":1000,"bounding_box":{"max":{"x":6.1452534198761,"y":-39.10746060609817,"z":9.728619277477266},"min":{"x":-6.1452534198760995,"y":-49.8,"z":-9.728619277477264}},"photos":[{"position":[108,6.6130927153957075e-15,6.6130927153957075e-15],"rotation":[-6.162975822039155e-33,1.5707963267948966,0,"XYZ"],"image":"6ac64729-d1fa-467b-8f8c-08f9516fec92.jpg"},{"position":[0,75.999999999962,0.00007599999999998733],"rotation":[-1.5707953267948966,0,0,"XYZ"],"image":"6c23d2a9-bf5e-4f42-924e-854af90acc5a.jpg"},{"position":[0,7.164183775012016e-15,117],"rotation":[-6.123233995736766e-17,0,0,"XYZ"],"image":"8f153f1b-a2eb-414c-ad23-8fdf5e07dd27.jpg"}]}