{"id":"c54751a3-ffb2-4478-9959-6f179cb2e031","fov":75,"aspect":1.7661375661375662,"near":0.1,"far":1000,"bounding_box":{"max":{"x":26.460541705924072,"y":-29.8982805885759,"z":10.230516357633846},"min":{"x":-26.460541705924072,"y":-49.800000000000004,"z":-10.230516357633846}},"photos":[{"position":[119,7.286648454926752e-15,7.286648454926752e-15],"rotation":[-6.162975822039155e-33,1.5707963267948966,0,"XYZ"],"image":"ff569357-1307-4eee-a9b4-55129d1ecb52.jpg"},{"position":[0,62.999999999968495,0.0000629999999999895],"rotation":[-1.5707953267948969,0,0,"XYZ"],"image":"5e893c33-2875-4107-b991-88d7e5956986.jpg"},{"position":[0,6.306931015608869e-15,103],"rotation":[-6.123233995736765e-17,0,0,"XYZ"],"image":"608750c3-b80c-4026-a686-079ff6f041f9.jpg"}]}