{"id":"c78d893d-f3b4-4403-af66-c313d2138300","fov":75,"aspect":1.7661375661375662,"near":0.1,"far":1000,"bounding_box":{"max":{"x":6.9499781008814665,"y":-34.740651276544085,"z":6.538385626560768},"min":{"x":-6.9499781008814665,"y":-49.8,"z":-6.538385626560768}},"photos":[{"position":[107,6.55186037543834e-15,6.55186037543834e-15],"rotation":[-6.162975822039155e-33,1.5707963267948966,0,"XYZ"],"image":"e5053a3d-829e-4983-be4e-3acbec14aa77.jpg"},{"position":[0,61.999999999969,0.00006199999999998966],"rotation":[-1.5707953267948966,0,0,"XYZ"],"image":"71e5f584-0370-4949-86b4-a89c4aeb68c6.jpg"},{"position":[0,7.041719095097281e-15,115],"rotation":[-6.123233995736766e-17,0,0,"XYZ"],"image":"2da3efd2-18b5-4906-85e2-c9848da48fde.jpg"}]}