{"id":"ca52009f-fd81-45ba-a30c-10453b5870f3","fov":75,"aspect":1.7661375661375662,"near":0.1,"far":1000,"bounding_box":{"max":{"x":5.979966268391168,"y":-39.443979330738365,"z":13.911871727489327},"min":{"x":-5.979966268391168,"y":-49.8,"z":-13.911871727489327}},"photos":[{"position":[110,6.735557395310443e-15,6.735557395310443e-15],"rotation":[-6.162975822039155e-33,1.5707963267948966,0,"XYZ"],"image":"7d068596-4ba5-423c-8576-846467efaf3e.jpg"},{"position":[0,69.999999999965,0.00006999999999998833],"rotation":[-1.5707953267948966,0,0,"XYZ"],"image":"7bc92a24-ef82-41b8-855f-f170a4bb96db.jpg"},{"position":[0,7.164183775012016e-15,117],"rotation":[-6.123233995736766e-17,0,0,"XYZ"],"image":"021b7927-8122-4f9b-a804-0991344753f5.jpg"}]}