{"id":"cafc27fb-5993-4129-abaa-54d2c5373d39","fov":75,"aspect":1.7661375661375662,"near":0.1,"far":1000,"bounding_box":{"max":{"x":29.99171495437622,"y":-19.799999849207843,"z":10.119490623474121},"min":{"x":-29.99171495437622,"y":-49.800000000000004,"z":-10.119490623474121}},"photos":[{"position":[106,6.490628035480972e-15,6.490628035480972e-15],"rotation":[-6.162975822039155e-33,1.5707963267948966,0,"XYZ"],"image":"b018450f-0c25-430a-b20a-6518e986a914.jpg"},{"position":[0,63.999999999968,0.00006399999999998933],"rotation":[-1.570795326794897,0,0,"XYZ"],"image":"32d56068-9b22-4de2-b9b5-d42b559f2eb0.jpg"},{"position":[0,7.041719095097281e-15,115],"rotation":[-6.123233995736766e-17,0,0,"XYZ"],"image":"17754273-796d-417c-ba4b-47451ed2ac9a.jpg"}]}