{"id":"cc035986-b266-42cf-b3eb-19658d296674","fov":75,"aspect":1.7661375661375662,"near":0.1,"far":1000,"bounding_box":{"max":{"x":14.45245099067688,"y":-25.92010556459426,"z":22.67624491453171},"min":{"x":-14.45245099067688,"y":-49.8,"z":-22.67624491453171}},"photos":[{"position":[113,6.919254415182545e-15,6.919254415182545e-15],"rotation":[-6.162975822039155e-33,1.5707963267948966,0,"XYZ"],"image":"ef4cc514-5085-433c-ac65-0ad465309011.jpg"},{"position":[0,61.999999999969,0.00006199999999998966],"rotation":[-1.5707953267948966,0,0,"XYZ"],"image":"57a380b7-6222-4d50-a88d-d75484a35b42.jpg"},{"position":[0,6.306931015608869e-15,103],"rotation":[-6.123233995736765e-17,0,0,"XYZ"],"image":"9bea2f22-b583-4723-b591-4deba207d8a5.jpg"}]}