{"id":"cc89646d-f08b-4007-9963-c90ef9a9ca1d","fov":75,"aspect":1.7661375661375662,"near":0.1,"far":1000,"bounding_box":{"max":{"x":11.271241711217217,"y":-0.7231979265786705,"z":19.02230252194678},"min":{"x":-11.271241711217217,"y":-49.79999999999999,"z":-19.02230252194678}},"photos":[{"position":[104,6.368163355566236e-15,6.368163355566236e-15],"rotation":[-6.162975822039155e-33,1.5707963267948966,0,"XYZ"],"image":"f849c4c3-40ab-472c-8a13-b2b42c82e2e1.jpg"},{"position":[0,68.9999999999655,0.0000689999999999885],"rotation":[-1.5707953267948966,0,0,"XYZ"],"image":"58b453d6-f229-4094-ac10-cf9b21d748f4.jpg"},{"position":[0,6.55186037543834e-15,107],"rotation":[-6.123233995736766e-17,0,0,"XYZ"],"image":"b95d3e63-3ccb-4205-8bed-2136587c5573.jpg"}]}