{"id":"cd008c2f-57b7-456e-ad8b-75c82a1cc85a","fov":75,"aspect":1.7661375661375662,"near":0.1,"far":1000,"bounding_box":{"max":{"x":18.011209964752197,"y":36.69075483716422,"z":7.01121062040329},"min":{"x":-18.011209964752197,"y":-49.8,"z":-7.01121062040329}},"photos":[{"position":[115,7.041719095097281e-15,7.041719095097281e-15],"rotation":[-6.162975822039155e-33,1.5707963267948966,0,"XYZ"],"image":"77f123fa-2c35-4efa-96d2-382ce0660775.jpg"},{"position":[0,71.99999999996399,0.000071999999999988],"rotation":[-1.5707953267948962,0,0,"XYZ"],"image":"705f7aaa-334c-475e-965b-ea3abab1884b.jpg"},{"position":[0,6.735557395310443e-15,110],"rotation":[-6.123233995736766e-17,0,0,"XYZ"],"image":"4606b1b1-1917-4fbc-b6f7-2c22932903ad.jpg"}]}