{"id":"cd4e24f5-6f75-429c-8e44-0f8a115432ac","fov":75,"aspect":1.7661375661375662,"near":0.1,"far":1000,"bounding_box":{"max":{"x":22.792510390281677,"y":1.207386047938428,"z":22.79251039028168},"min":{"x":-22.792510390281677,"y":-49.8,"z":-22.79251039028168}},"photos":[{"position":[109,6.674325055353075e-15,6.674325055353075e-15],"rotation":[-6.162975822039155e-33,1.5707963267948966,0,"XYZ"],"image":"1edd9647-971b-48d4-830d-282463c8bb60.jpg"},{"position":[0,75.999999999962,0.00007599999999998733],"rotation":[-1.5707953267948966,0,0,"XYZ"],"image":"bff5f6f1-e128-4ab9-b652-80160d333c21.jpg"},{"position":[0,7.225416114969383e-15,118],"rotation":[-6.123233995736765e-17,0,0,"XYZ"],"image":"65e05579-480e-4517-b1ec-88defaefc167.jpg"}]}