{"id":"cddd78b7-b648-474b-b3c1-85eb4075675a","fov":75,"aspect":1.7661375661375662,"near":0.1,"far":1000,"bounding_box":{"max":{"x":40,"y":-27.799999523162835,"z":9.399999976158144},"min":{"x":-40,"y":-49.8,"z":-9.399999976158142}},"photos":[{"position":[101,6.184466335694134e-15,6.184466335694134e-15],"rotation":[-6.162975822039155e-33,1.5707963267948966,0,"XYZ"],"image":"990e55be-625f-4d3f-a507-2fb78fbbb8ac.jpg"},{"position":[0,68.9999999999655,0.0000689999999999885],"rotation":[-1.5707953267948966,0,0,"XYZ"],"image":"267f2065-7b7f-4ce1-91de-baac3b5cd9ba.jpg"},{"position":[0,7.164183775012016e-15,117],"rotation":[-6.123233995736766e-17,0,0,"XYZ"],"image":"be9dc6e4-62cf-4a78-a700-1499c1c2c23b.jpg"}]}