{"id":"d669f08b-3baa-482b-b7cf-8bdc0082d0f3","fov":75,"aspect":1.7661375661375662,"near":0.1,"far":1000,"bounding_box":{"max":{"x":50.10867004394531,"y":-30.350999701309732,"z":50.10867004394527},"min":{"x":-50.10867004394531,"y":-49.800000000000004,"z":-50.10867004394527}},"photos":[{"position":[112,6.858022075225178e-15,6.858022075225178e-15],"rotation":[-6.162975822039155e-33,1.5707963267948966,0,"XYZ"],"image":"2b50a318-3a3a-4400-a6ed-3ebec6a29510.jpg"},{"position":[0,59.99999999997,0.00005999999999999],"rotation":[-1.5707953267948966,0,0,"XYZ"],"image":"88ccd7a6-e11d-4990-aaea-45090e49526c.jpg"},{"position":[0,7.102951435054649e-15,116],"rotation":[-6.123233995736766e-17,0,0,"XYZ"],"image":"5ba5ec99-87be-4567-8e05-86b02a2cc5bb.jpg"}]}