{"id":"d6f450d7-75a8-4cae-afdf-7cad58a7c61d","fov":75,"aspect":1.7661375661375662,"near":0.1,"far":1000,"bounding_box":{"max":{"x":13,"y":-40.55179987482488,"z":5.884163919098656},"min":{"x":-13,"y":-49.8,"z":-5.884163919098656}},"photos":[{"position":[118,7.225416114969383e-15,7.225416114969383e-15],"rotation":[-6.162975822039155e-33,1.5707963267948966,0,"XYZ"],"image":"17fd176d-5b6a-4094-b95c-9932958180b8.jpg"},{"position":[0,66.99999999996649,0.00006699999999998883],"rotation":[-1.5707953267948962,0,0,"XYZ"],"image":"26e541de-05a0-4850-b284-be506bfa4fb8.jpg"},{"position":[0,6.79678973526781e-15,111],"rotation":[-6.123233995736766e-17,0,0,"XYZ"],"image":"8cdf5ed0-67ae-42f6-8269-8f363da09612.jpg"}]}