{"id":"d933b352-3dd4-49af-8327-b3e8e0b04340","fov":75,"aspect":1.7661375661375662,"near":0.1,"far":1000,"bounding_box":{"max":{"x":11.508001034881943,"y":-12.750691599627359,"z":14.82444101174032},"min":{"x":-11.508001034881943,"y":-49.8,"z":-14.82444101174032}},"photos":[{"position":[103,6.306931015608869e-15,6.306931015608869e-15],"rotation":[-6.162975822039155e-33,1.5707963267948966,0,"XYZ"],"image":"7f996afa-2b03-476f-bc49-8b1ddd163b0c.jpg"},{"position":[0,56.9999999999715,0.000056999999999990496],"rotation":[-1.5707953267948966,0,0,"XYZ"],"image":"fd741b4b-0b03-4b2e-9dca-2577be9a339b.jpg"},{"position":[0,7.102951435054649e-15,116],"rotation":[-6.123233995736766e-17,0,0,"XYZ"],"image":"eedc5e31-9d85-46b9-84bf-210f1d8adf02.jpg"}]}