{"id":"da7dc516-c28c-4446-9112-a92bcb8057e4","fov":75,"aspect":1.7661375661375662,"near":0.1,"far":1000,"bounding_box":{"max":{"x":10.959999695123335,"y":-13.401875117844263,"z":11.85378506885818},"min":{"x":-10.959999695123335,"y":-49.8,"z":-11.85378506885818}},"photos":[{"position":[120,7.34788079488412e-15,7.34788079488412e-15],"rotation":[-6.162975822039155e-33,1.5707963267948966,0,"XYZ"],"image":"af0892aa-19bc-4a04-9d2b-4b462839ae15.jpg"},{"position":[0,60.999999999969496,0.000060999999999989834],"rotation":[-1.5707953267948966,0,0,"XYZ"],"image":"afd56f3b-a2fc-4d7b-b0da-63e6fd597bb0.jpg"},{"position":[0,6.735557395310443e-15,110],"rotation":[-6.123233995736766e-17,0,0,"XYZ"],"image":"525b0a0c-39ed-405b-b89e-f1e9b7576b01.jpg"}]}