{"id":"dbd65824-5b2d-4dc2-b4ed-6c3228b3d7ff","fov":75,"aspect":1.7661375661375662,"near":0.1,"far":1000,"bounding_box":{"max":{"x":10.222199141979218,"y":-23.799999315845255,"z":7.825818451262749},"min":{"x":-10.222199141979218,"y":-49.8,"z":-7.825818451262749}},"photos":[{"position":[107,6.55186037543834e-15,6.55186037543834e-15],"rotation":[-6.162975822039155e-33,1.5707963267948966,0,"XYZ"],"image":"020ee189-2766-4d6a-b961-6e1faed1a6d8.jpg"},{"position":[0,56.9999999999715,0.000056999999999990496],"rotation":[-1.5707953267948966,0,0,"XYZ"],"image":"15d488da-66e3-4190-a0b0-9b01a4bc147e.jpg"},{"position":[0,6.735557395310443e-15,110],"rotation":[-6.123233995736766e-17,0,0,"XYZ"],"image":"51683af2-f11f-45c4-961c-1274d8b5a101.jpg"}]}