{"id":"dfabd78d-ff11-4efc-ad2b-0184a210157d","fov":75,"aspect":1.7661375661375662,"near":0.1,"far":1000,"bounding_box":{"max":{"x":9.67702396831342,"y":-12.508010550816927,"z":10.434305897301599},"min":{"x":-9.67702396831342,"y":-49.8,"z":-10.434305897301599}},"photos":[{"position":[111,6.79678973526781e-15,6.79678973526781e-15],"rotation":[-6.162975822039155e-33,1.5707963267948966,0,"XYZ"],"image":"5d751ce0-1884-4fad-bf53-9b37da22df56.jpg"},{"position":[0,62.999999999968495,0.0000629999999999895],"rotation":[-1.5707953267948969,0,0,"XYZ"],"image":"ab598129-31a1-4b7f-9473-1ad88c47591d.jpg"},{"position":[0,7.102951435054649e-15,116],"rotation":[-6.123233995736766e-17,0,0,"XYZ"],"image":"301ef8a4-08c6-4c81-9289-e0f003fb21c3.jpg"}]}