{"id":"eb72bfe3-b73c-4ad8-a716-8ac7134419b7","fov":75,"aspect":1.7661375661375662,"near":0.1,"far":1000,"bounding_box":{"max":{"x":14.500740245503849,"y":-3.390116702325848,"z":14.261442476924948},"min":{"x":-14.500740245503849,"y":-49.79999999999999,"z":-14.261442476924948}},"photos":[{"position":[119,7.286648454926752e-15,7.286648454926752e-15],"rotation":[-6.162975822039155e-33,1.5707963267948966,0,"XYZ"],"image":"916e8fb4-729d-4109-a615-367122eaf4fe.jpg"},{"position":[0,68.9999999999655,0.0000689999999999885],"rotation":[-1.5707953267948966,0,0,"XYZ"],"image":"d86ca4d5-f2f3-4524-b1b1-4133b44afe9b.jpg"},{"position":[0,6.858022075225178e-15,112],"rotation":[-6.123233995736766e-17,0,0,"XYZ"],"image":"e1899fa1-9220-4e03-bab9-77fba8fc1be2.jpg"}]}