{"id":"ebeea4e9-0e90-400c-bfc5-c71b4ed7a775","fov":75,"aspect":1.7661375661375662,"near":0.1,"far":1000,"bounding_box":{"max":{"x":16.699865341186523,"y":-38.40882741556893,"z":6.3769615921719405},"min":{"x":-16.699865341186523,"y":-49.8,"z":-6.3769615921719405}},"photos":[{"position":[105,6.429395695523604e-15,6.429395695523604e-15],"rotation":[-6.162975822039155e-33,1.5707963267948966,0,"XYZ"],"image":"efc5bbcb-6513-4879-a752-ef3442ba7900.jpg"},{"position":[0,60.999999999969496,0.000060999999999989834],"rotation":[-1.5707953267948966,0,0,"XYZ"],"image":"9370c3b8-ce12-42c1-a1ba-ef94339bb3e3.jpg"},{"position":[0,7.041719095097281e-15,115],"rotation":[-6.123233995736766e-17,0,0,"XYZ"],"image":"36aeaadc-3ee1-45cb-b03f-2e758e9b2b8b.jpg"}]}