{"id":"f3f60c86-5fa9-472d-a3f1-3f1d4b86f94c","fov":75,"aspect":1.7661375661375662,"near":0.1,"far":1000,"bounding_box":{"max":{"x":10.992205142974854,"y":-37.000000286102285,"z":10.998051166534426},"min":{"x":-10.992205142974854,"y":-49.8,"z":-10.998051166534426}},"photos":[{"position":[107,6.55186037543834e-15,6.55186037543834e-15],"rotation":[-6.162975822039155e-33,1.5707963267948966,0,"XYZ"],"image":"72c0e8bf-6f5b-4f10-9185-1702156a2272.jpg"},{"position":[0,72.99999999996349,0.00007299999999998783],"rotation":[-1.5707953267948969,0,0,"XYZ"],"image":"f6fc6ec5-fff1-476f-b84c-9e36e8c1607b.jpg"},{"position":[0,6.306931015608869e-15,103],"rotation":[-6.123233995736765e-17,0,0,"XYZ"],"image":"3c393e84-93c8-46dd-8c9c-2cd6b6a688e4.jpg"}]}