{"id":"f460bf49-c37a-4600-b235-c3f44a4cf757","fov":75,"aspect":1.7661375661375662,"near":0.1,"far":1000,"bounding_box":{"max":{"x":7.855834723718047,"y":-26.106471042586563,"z":5.996084269173709},"min":{"x":-7.855834723718047,"y":-49.8,"z":-5.996084269173709}},"photos":[{"position":[104,6.368163355566236e-15,6.368163355566236e-15],"rotation":[-6.162975822039155e-33,1.5707963267948966,0,"XYZ"],"image":"931817ab-e845-406d-baa5-fc7abd230b6e.jpg"},{"position":[0,74.9999999999625,0.0000749999999999875],"rotation":[-1.5707953267948969,0,0,"XYZ"],"image":"aeb5d898-026c-4d1d-a3fd-e5bbd391c694.jpg"},{"position":[0,6.245698675651501e-15,102],"rotation":[-6.123233995736766e-17,0,0,"XYZ"],"image":"413a4414-55a9-46df-9c0d-cf833312f3fe.jpg"}]}