{"id":"f89c339b-4a5e-4397-a196-eb031a5aaa47","fov":75,"aspect":1.7661375661375662,"near":0.1,"far":1000,"bounding_box":{"max":{"x":15.039681455600658,"y":-11.932136733023224,"z":15.039684924017234},"min":{"x":-15.039681455600658,"y":-49.8,"z":-15.039684924017234}},"photos":[{"position":[113,6.919254415182545e-15,6.919254415182545e-15],"rotation":[-6.162975822039155e-33,1.5707963267948966,0,"XYZ"],"image":"2d542b1f-aa56-41e2-9e1a-1bc2fe386c63.jpg"},{"position":[0,62.999999999968495,0.0000629999999999895],"rotation":[-1.5707953267948969,0,0,"XYZ"],"image":"d295c60b-1470-4338-879f-3fb108c9b1fe.jpg"},{"position":[0,6.79678973526781e-15,111],"rotation":[-6.123233995736766e-17,0,0,"XYZ"],"image":"4226ebde-63ea-46d3-a82d-856f3bd0c8e0.jpg"}]}