{"id":"f9077ccd-0287-46eb-af79-56835c7bb2c1","fov":75,"aspect":1.7661375661375662,"near":0.1,"far":1000,"bounding_box":{"max":{"x":15.780722160289823,"y":-34.90462752237677,"z":11.421001173955958},"min":{"x":-15.780722160289823,"y":-49.8,"z":-11.421001173955958}},"photos":[{"position":[105,6.429395695523604e-15,6.429395695523604e-15],"rotation":[-6.162975822039155e-33,1.5707963267948966,0,"XYZ"],"image":"714c48ec-6418-4895-a3c4-d63bf65416ee.jpg"},{"position":[0,68.9999999999655,0.0000689999999999885],"rotation":[-1.5707953267948966,0,0,"XYZ"],"image":"e2a27f5f-64ae-42d4-bb81-91cda5b447fb.jpg"},{"position":[0,7.34788079488412e-15,120],"rotation":[-6.123233995736766e-17,0,0,"XYZ"],"image":"09f2994c-68e5-4e42-a239-8c9d15605108.jpg"}]}