{"id":"fb2b4764-c000-455a-9d3d-8c099850d789","fov":75,"aspect":1.7661375661375662,"near":0.1,"far":1000,"bounding_box":{"max":{"x":17.390648393876212,"y":4.629180694666786,"z":15.822035776427258},"min":{"x":-17.390648393876216,"y":-49.8,"z":-15.822035776427258}},"photos":[{"position":[120,7.34788079488412e-15,7.34788079488412e-15],"rotation":[-6.162975822039155e-33,1.5707963267948966,0,"XYZ"],"image":"39639759-fb82-4738-8117-8c79637cc757.jpg"},{"position":[0,63.999999999968,0.00006399999999998933],"rotation":[-1.570795326794897,0,0,"XYZ"],"image":"7e8af398-c8c3-4ccd-8934-8bf7a9ee02b8.jpg"},{"position":[0,6.6130927153957075e-15,108],"rotation":[-6.123233995736766e-17,0,0,"XYZ"],"image":"a78952c7-e173-4039-aadb-6db7ed1200fa.jpg"}]}