{"id":"fd29f706-b23c-49a0-9517-637f9777fe87","fov":75,"aspect":1.7661375661375662,"near":0.1,"far":1000,"bounding_box":{"max":{"x":9.371744990348816,"y":-26.620182800292966,"z":8.030380308628082},"min":{"x":-9.371744990348816,"y":-49.8,"z":-8.030380308628082}},"photos":[{"position":[117,7.164183775012016e-15,7.164183775012016e-15],"rotation":[-6.162975822039155e-33,1.5707963267948966,0,"XYZ"],"image":"15470132-d4d7-4ba4-84fe-3ebbbe5b2439.jpg"},{"position":[0,58.9999999999705,0.000058999999999990165],"rotation":[-1.5707953267948966,0,0,"XYZ"],"image":"8292f45c-26b7-4339-a545-1d467df56417.jpg"},{"position":[0,7.102951435054649e-15,116],"rotation":[-6.123233995736766e-17,0,0,"XYZ"],"image":"97c87342-c4b0-4341-a77a-57326bde4810.jpg"}]}