{"id":"fe409e00-730b-4bc7-9d83-829c82569f9b","fov":75,"aspect":1.7661375661375662,"near":0.1,"far":1000,"bounding_box":{"max":{"x":8.013985753059387,"y":-30.2799997806549,"z":7.991110011935235},"min":{"x":-8.013985753059387,"y":-49.8,"z":-7.991110011935234}},"photos":[{"position":[113,6.919254415182545e-15,6.919254415182545e-15],"rotation":[-6.162975822039155e-33,1.5707963267948966,0,"XYZ"],"image":"533762c8-fdc7-44df-af85-8cd7d6c47c46.jpg"},{"position":[0,65.999999999967,0.000065999999999989],"rotation":[-1.5707953267948969,0,0,"XYZ"],"image":"0177c5da-e508-4ae7-99a5-1c8541552baf.jpg"},{"position":[0,7.34788079488412e-15,120],"rotation":[-6.123233995736766e-17,0,0,"XYZ"],"image":"afbd509e-c861-4f9b-8a8e-d485cfed402f.jpg"}]}