{"id":"fefeecf2-67df-4d20-bf49-86f92a66a3b7","fov":75,"aspect":1.7661375661375662,"near":0.1,"far":1000,"bounding_box":{"max":{"x":10.928364992141724,"y":-15.139806079864492,"z":11.7830502986908},"min":{"x":-10.928364992141724,"y":-49.8,"z":-11.7830502986908}},"photos":[{"position":[104,6.368163355566236e-15,6.368163355566236e-15],"rotation":[-6.162975822039155e-33,1.5707963267948966,0,"XYZ"],"image":"ca98caf9-8240-477f-a696-8a85a67fd9ef.jpg"},{"position":[0,57.999999999970996,0.00005799999999999033],"rotation":[-1.5707953267948969,0,0,"XYZ"],"image":"42b28b61-343a-431b-86a8-f6747246fb6e.jpg"},{"position":[0,6.184466335694134e-15,101],"rotation":[-6.123233995736766e-17,0,0,"XYZ"],"image":"e1f32e02-9399-468d-b260-e61deb09f865.jpg"}]}